,0_ECDF Percentile Count_0,0_ECDF Percentile Count_1,0_ECDF Percentile_0,0_ECDF Percentile_1,0_ECDF Slope,0_ECDF_0,0_ECDF_1,0_ECDF_2,0_ECDF_3,0_ECDF_4,0_ECDF_5,0_ECDF_6,0_ECDF_7,0_ECDF_8,0_ECDF_9,0_Histogram_0,0_Histogram_1,0_Histogram_2,0_Histogram_3,0_Histogram_4,0_Histogram_5,0_Histogram_6,0_Histogram_7,0_Histogram_8,0_Histogram_9,0_Interquartile range,0_Kurtosis,0_Max,0_Mean,0_Mean absolute deviation,0_Median,0_Median absolute deviation,0_Min,0_Root mean square,0_Skewness,0_Standard deviation,0_Variance,1_ECDF Percentile Count_0,1_ECDF Percentile Count_1,1_ECDF Percentile_0,1_ECDF Percentile_1,1_ECDF Slope,1_ECDF_0,1_ECDF_1,1_ECDF_2,1_ECDF_3,1_ECDF_4,1_ECDF_5,1_ECDF_6,1_ECDF_7,1_ECDF_8,1_ECDF_9,1_Histogram_0,1_Histogram_1,1_Histogram_2,1_Histogram_3,1_Histogram_4,1_Histogram_5,1_Histogram_6,1_Histogram_7,1_Histogram_8,1_Histogram_9,1_Interquartile range,1_Kurtosis,1_Max,1_Mean,1_Mean absolute deviation,1_Median,1_Median absolute deviation,1_Min,1_Root mean square,1_Skewness,1_Standard deviation,1_Variance,0_Absolute energy,0_Area under the curve,0_Autocorrelation,0_Centroid,0_Entropy,0_Mean absolute diff,0_Mean diff,0_Median absolute diff,0_Median diff,0_Negative turning points,0_Neighbourhood peaks,0_Peak to peak distance,0_Positive turning points,0_Signal distance,0_Slope,0_Sum absolute diff,0_Total energy,0_Zero crossing rate,1_Absolute energy,1_Area under the curve,1_Autocorrelation,1_Centroid,1_Entropy,1_Mean absolute diff,1_Mean diff,1_Median absolute diff,1_Median diff,1_Negative turning points,1_Neighbourhood peaks,1_Peak to peak distance,1_Positive turning points,1_Signal distance,1_Slope,1_Sum absolute diff,1_Total energy,1_Zero crossing rate
0,3380.0,13520.0,4.0,19.0,0.041666666666666664,5.9171597633136094e-05,0.00011834319526627219,0.00017751479289940828,0.00023668639053254438,0.0002958579881656805,0.00035502958579881655,0.0004142011834319527,0.00047337278106508875,0.0005325443786982248,0.000591715976331361,0.0,0.0,0.0,0.0,0.0,705.0,0.0,0.0,0.0,707.0,12.0,-1.2041703981898129,23.0,11.498165680473372,5.999999782920766,11.0,6.0,0.0,13.421110722207438,-0.00024355680857349556,6.922311680510766,47.918399002135786,3380.0,13520.0,0.12,0.42,1.0,5.9171597633136094e-05,0.00011834319526627219,0.00017751479289940828,0.00023668639053254438,0.0002958579881656805,0.00035502958579881655,0.0004142011834319527,0.00047337278106508875,0.0005325443786982248,0.000591715976331361,0.0,0.0,0.0,0.0,0.0,10094.0,3113.0,1600.0,437.0,349.0,0.27,20.364198143545206,6.79,0.3658621301775148,0.2975443012499562,0.14,0.030000000000000013,0.08,0.6417937280381544,3.944796113131603,0.5272988631232611,0.27804409105108363,3044133.0,1943.0750000000007,3044133.0,84.56050724787649,0.32645405990336707,1.917450736729984,0.0013610272797206936,1.0,1.0,704.0,704.0,23.0,704.0,39124.09639914391,2.236156855966956e-06,32403.0,18013.68720042606,1409.0,6961.0963,61.82895000000002,6961.096300000001,85.42627479137157,0.3771069346239137,0.27345345878454347,1.005976685010872e-05,0.18999999999999995,0.0,2854.0,757.0,6.71,4290.0,18559.75535925174,1.2916015532887316e-06,4621.09,41.192356352446886,0.0
1,4671.0,18687.0,4.0,19.0,0.03571428571428571,4.2810051800162675e-05,8.562010360032535e-05,0.00012843015540048804,0.0001712402072006507,0.0002140502590008134,0.0002568603108009761,0.00029967036260113877,0.0003424804144013014,0.0003852904662014641,0.0004281005180016268,0.0,0.0,0.0,0.0,0.0,974.0,0.0,0.0,0.0,978.0,13.0,-1.2050642168506398,23.0,11.498822723575495,6.002718287091516,11.0,6.0,0.0,13.422741847912388,0.00014477347839429762,6.924382621395374,47.94707468748227,4671.0,18687.0,0.31,0.82,0.9615384615384617,4.2810051800162675e-05,8.562010360032535e-05,0.00012843015540048804,0.0001712402072006507,0.0002140502590008134,0.0002568603108009761,0.00029967036260113877,0.0003424804144013014,0.0003852904662014641,0.0004281005180016268,0.0,0.0,0.0,0.0,0.0,452.0,8998.0,6006.0,3002.0,1722.0,0.38999999999999996,14.462498952537167,7.06,0.6402303180786848,0.34802161280282506,0.46,0.16000000000000003,0.0,0.8430001678123393,3.220074599120147,0.5484108156706051,0.3007544227444984,4208591.0,2685.895,4208591.0,116.83146783092015,0.31594941947406363,1.9188714787224934,0.000984673345320661,1.0,1.0,974.0,974.0,23.0,974.0,54108.376646444915,7.589380908479543e-07,44821.0,18017.77121328881,1947.0,16600.0566,149.54640000000006,16600.056600000004,107.49418466880408,0.474302432508034,0.2756383251990753,-1.7124753831663067e-06,0.1099999999999999,-0.010000000000000009,6223.0,1096.0,7.06,6359.0,25580.832639512155,-3.2022230174588585e-06,6438.360000000001,71.06797071667094,4.0
2,832.0,3330.0,4.0,19.0,0.041666666666666664,0.00024021138601969732,0.00048042277203939464,0.000720634158059092,0.0009608455440787893,0.0012010569300984868,0.001441268316118184,0.0016814797021378813,0.0019216910881575786,0.002161902474177276,0.0024021138601969735,0.0,0.0,0.0,0.0,0.0,173.0,0.0,0.0,0.0,174.0,11.5,-1.2039777547091042,23.0,11.498438625990872,5.999159635208747,12.0,6.0,0.0,13.42075790458965,0.0003647822141608462,6.921174170466072,47.902651897926724,832.0,3330.0,0.13,0.3,2.083333333333334,0.00024021138601969732,0.00048042277203939464,0.000720634158059092,0.0009608455440787893,0.0012010569300984868,0.001441268316118184,0.0016814797021378813,0.0019216910881575786,0.002161902474177276,0.0024021138601969735,0.0,0.0,0.0,0.0,0.0,2344.0,1520.0,171.0,40.0,18.0,0.14999999999999997,35.07065072420651,2.46,0.24019457122267596,0.1186996295389955,0.17,0.06999999999999998,0.06,0.32726143683953535,5.21050151444055,0.22227599060049658,0.04940661599743205,749826.0,478.5649999999999,749826.0,20.86303735800039,0.38133552508694896,1.9166266218164345,0.005526189332051898,1.0,1.0,173.0,173.0,23.0,173.0,9631.09936612546,2.848461608568772e-05,7977.0,18016.001922152813,345.0,445.85749999999996,9.998199999999994,445.8575000000002,22.320660462143177,0.429951518350104,0.08190773666506489,9.610764055742933e-06,0.020000000000000018,0.0,710.0,163.0,2.4,793.0,4241.324744852802,2.5865494083031365e-05,340.90000000000003,10.712578087457953,0.0
3,5244.0,20977.0,4.0,19.0,0.041666666666666664,3.813591640607124e-05,7.627183281214248e-05,0.00011440774921821372,0.00015254366562428496,0.0001906795820303562,0.00022881549843642744,0.00026695141484249865,0.0003050873312485699,0.00034322324765464113,0.0003813591640607124,0.0,0.0,0.0,0.0,0.0,1092.0,0.0,0.0,0.0,1097.0,13.0,-1.2044154677870351,23.0,11.500800854244527,6.00095333682753,12.0,6.0,0.0,13.42366560448383,-0.0003205813114980168,6.9228879791609055,47.92637797201056,5244.0,20977.0,0.17,0.54,1.1363636363636365,3.813591640607124e-05,7.627183281214248e-05,0.00011440774921821372,0.00015254366562428496,0.0001906795820303562,0.00022881549843642744,0.00026695141484249865,0.0003050873312485699,0.00034322324765464113,0.0003813591640607124,0.0,0.0,0.0,0.0,0.0,10574.0,7668.0,3672.0,2265.0,1061.0,0.29,10.098396245878744,3.69,0.3651933490961788,0.21500250267133206,0.25,0.09,0.0,0.47287351221429824,2.536737930415727,0.30040502048035506,0.09024317632980255,4725068.0,3015.625,4725068.0,131.12311914876145,0.31235913963101664,1.919186911254338,0.0008771595286220968,1.0,1.0,1094.0,1092.0,23.0,1094.0,60749.87242252371,4.023491628577133e-07,50323.0,18020.167041684148,2183.0,5863.484600000001,95.75495000000005,5863.484600000002,126.99984416553254,0.4154117944220702,0.1223321002250105,-6.48335303764147e-06,0.04000000000000001,0.0,3679.0,1100.0,3.69,4890.0,26855.30081704284,-1.2273108097014064e-06,3207.67,22.36178864269098,6.0
4,5248.0,20995.0,4.0,19.0,0.03571428571428571,3.8103947568968146e-05,7.620789513793629e-05,0.00011431184270690443,0.00015241579027587258,0.00019051973784484072,0.00022862368541380886,0.000266727632982777,0.00030483158055174517,0.0003429355281207133,0.00038103947568968145,0.0,0.0,0.0,0.0,0.0,1095.0,0.0,0.0,0.0,1099.0,13.0,-1.2044418250360598,23.0,11.499123609205913,6.001485786803599,11.0,6.0,0.0,13.422553854949738,-0.00010106117498800977,6.923518484790029,47.93510820922922,5248.0,20995.0,0.18,0.61,1.0869565217391302,3.8103947568968146e-05,7.620789513793629e-05,0.00011431184270690443,0.00015241579027587258,0.00019051973784484072,0.00022862368541380886,0.000266727632982777,0.00030483158055174517,0.0003429355281207133,0.00038103947568968145,0.0,0.0,0.0,0.0,0.0,7685.0,8859.0,4432.0,2236.0,1200.0,0.34,21.811308534989283,5.69,0.4589654778235025,0.29384374111212785,0.3,0.12999999999999998,0.0,0.6808952037308302,4.052823471165205,0.5029602058114467,0.2529689686298929,4728249.0,3017.7150000000024,4728249.0,131.24523637608763,0.3123332922121849,1.9200929771748656,0.0008764241893076249,1.0,1.0,1095.0,1095.0,23.0,1095.0,60820.432582574686,4.588997509006268e-07,50389.0,18017.18172465038,2189.0,12167.1981,120.44890000000021,12167.198099999998,122.119979192087,0.44256831543560654,0.2361902221544793,1.5242159814050994e-06,0.08999999999999997,0.0,6216.0,1251.0,5.69,6750.0,28460.15041749745,-3.602772201937584e-06,6198.34,46.363594482338144,6.0
5,4184.0,16736.0,4.0,19.0,0.041666666666666664,4.779886238707519e-05,9.559772477415038e-05,0.00014339658716122557,0.00019119544954830075,0.00023899431193537594,0.00028679317432245114,0.0003345920367095263,0.0003823908990966015,0.00043018976148367666,0.00047798862387075187,0.0,0.0,0.0,0.0,0.0,872.0,0.0,0.0,0.0,877.0,12.0,-1.203993838297176,23.0,11.49027293150423,5.999628955076268,11.0,6.0,0.0,13.41418810876997,0.001710653805216563,6.921999030410716,47.91407057700689,4184.0,16736.0,0.26,2.99,0.1388888888888889,4.779886238707519e-05,9.559772477415038e-05,0.00014339658716122557,0.00019119544954830075,0.00023899431193537594,0.00028679317432245114,0.0003345920367095263,0.0003823908990966015,0.00043018976148367666,0.00047798862387075187,0.0,0.0,0.0,0.0,0.0,1014.0,6213.0,1828.0,1447.0,1072.0,2.3,5.627179829109334,14.48,1.63049519621433,1.4069415561474954,0.79,0.5700000000000001,0.03,2.446802639689775,2.00088792118043,1.824370733352967,3.3283285727148426,3764534.0,2403.765,3764534.0,104.63681495505153,0.31945001735674533,1.9183078393881454,0.0010994263862332697,1.0,1.0,873.0,873.0,23.0,873.0,48449.62282952486,8.047185815693526e-07,40131.0,17994.904397705544,1743.0,125250.7457,341.09279999999956,125250.74570000001,109.5341316605351,0.5743848140128365,0.5385296367112811,0.00014340344168260088,0.16999999999999993,0.0,3911.0,869.0,14.450000000000001,4488.0,26867.19794496811,-1.8351752042257255e-05,11266.04,598.7129335564053,0.0
6,5221.0,20885.0,4.0,19.0,0.041666666666666664,3.830390316773279e-05,7.660780633546558e-05,0.00011491170950319838,0.00015321561267093116,0.00019151951583866396,0.00022982341900639676,0.00026812732217412955,0.0003064312253418623,0.00034473512850959515,0.0003830390316773279,0.0,0.0,0.0,0.0,0.0,1091.0,0.0,0.0,0.0,1091.0,12.0,-1.2046372276325297,23.0,11.504155973493699,6.002122523635678,12.0,6.0,0.0,13.427268188541168,-0.0015638380705918138,6.9242997006584615,47.945926344538854,5221.0,20885.0,0.67,2.0,0.46296296296296313,3.830390316773279e-05,7.660780633546558e-05,0.00011491170950319838,0.00015321561267093116,0.00019151951583866396,0.00022982341900639676,0.00026812732217412955,0.0003064312253418623,0.00034473512850959515,0.0003830390316773279,0.0,0.0,0.0,0.0,0.0,550.0,2366.0,1698.0,2162.0,2431.0,1.0999999999999999,1.0499923670448164,6.41,1.390588730991688,0.6330108221371689,1.34,0.55,0.0,1.6014826915081104,0.7628005041112484,0.7943612480723037,0.631009792438988,4706871.0,3003.274999999999,4706871.0,130.55631508278006,0.3124941066064195,1.9207461886156438,0.0008810235194974336,1.0,1.0,1091.0,1085.0,23.0,1091.0,60522.355246364335,4.401843499511889e-07,50143.0,18029.843714088714,2181.0,66957.845,363.02690000000007,66957.845,149.03935832440544,0.5553756000727947,0.3614517735386501,3.6773155596414966e-05,0.24999999999999994,0.0,7207.0,1201.0,6.41,7316.0,29070.457283308733,2.747016131778116e-05,9436.06,256.484505477668,2.0
7,5249.0,20999.0,4.0,19.0,0.041666666666666664,3.809668939769134e-05,7.619337879538268e-05,0.00011429006819307402,0.00015238675759076536,0.0001904834469884567,0.00022858013638614805,0.0002666768257838394,0.00030477351518153073,0.00034287020457922205,0.0003809668939769134,0.0,0.0,0.0,0.0,0.0,1093.0,0.0,0.0,0.0,1099.0,12.0,-1.2042383495077573,23.0,11.496095089336738,6.000550468062073,11.0,6.0,0.0,13.41953811426168,0.0009723853347135658,6.92270184949848,47.92380089704968,5249.0,20999.0,0.38,1.33,0.4385964912280702,3.809668939769134e-05,7.619337879538268e-05,0.00011429006819307402,0.00015238675759076536,0.0001904834469884567,0.00022858013638614805,0.0002666768257838394,0.00030477351518153073,0.00034287020457922205,0.0003809668939769134,0.0,0.0,0.0,0.0,0.0,402.0,6348.0,7043.0,2703.0,2089.0,0.7399999999999999,5.760762072607202,7.27,0.9050634309878471,0.5745661532712643,0.57,0.23999999999999994,0.0,1.2041093350022845,2.18050048578812,0.7941910831331146,0.6307394765281498,4727025.0,3017.4949999999985,4727025.0,131.35500592656058,0.31232753228585175,1.9185842730874734,0.000876257238646754,1.0,1.0,1095.0,1095.0,23.0,1095.0,60796.08871042877,1.3870698237140248e-06,50359.0,18009.086406583356,2185.0,38057.8815,237.56574999999927,38057.8815,145.85235205729987,0.511414565317606,0.3833507314843036,1.714416336482867e-05,0.13,0.0,5356.0,1228.0,7.27,5812.0,30490.748208014425,1.651974749201757e-05,10062.19,144.99345283450168,4.0
8,4651.0,18606.0,4.0,19.0,0.041666666666666664,4.2995958379912286e-05,8.599191675982457e-05,0.00012898787513973686,0.00017198383351964914,0.00021497979189956143,0.0002579757502794737,0.00030097170865938603,0.0003439676670392983,0.0003869636254192106,0.00042995958379912286,0.0,0.0,0.0,0.0,0.0,970.0,0.0,0.0,0.0,973.0,12.0,-1.2043180770222688,23.0,11.496990282913407,6.000600649360614,11.0,6.0,0.0,13.420456429899321,0.0002647821860322301,6.922995393716564,47.92786522142075,4651.0,18606.0,0.07,1.0,0.4385964912280702,4.2995958379912286e-05,8.599191675982457e-05,0.00012898787513973686,0.00017198383351964914,0.00021497979189956143,0.0002579757502794737,0.00030097170865938603,0.0003439676670392983,0.0003869636254192106,0.00042995958379912286,0.0,0.0,0.0,0.0,0.0,10589.0,2757.0,2051.0,1712.0,1561.0,0.76,3.723880951177235,4.95,0.5434250580445438,0.47867843601134724,0.27,0.21000000000000002,0.03,0.8221453869204034,1.7534157975362343,0.6169377955059847,0.38061224352378414,4188967.0,2673.8549999999987,4188967.0,116.37579042518118,0.3160855999257284,1.9192071204368577,0.000988949563572258,1.0,1.0,971.0,969.0,23.0,971.0,53880.888709266,1.555436196846096e-06,44635.0,18011.639506385174,1939.0,15720.617999999999,126.38849999999991,15720.618000000002,136.37180332605246,0.46807193268275754,0.2657832050565421,6.879649137893422e-06,0.10000000000000003,0.0,5688.0,997.0,4.92,5877.0,25229.68412509062,1.694514816858903e-05,6181.32,67.59521004428774,0.0
9,5846.0,23384.0,4.0,19.0,0.041666666666666664,3.4210256234819196e-05,6.842051246963839e-05,0.0001026307687044576,0.00013684102493927679,0.000171051281174096,0.0002052615374089152,0.0002394717936437344,0.00027368204987855357,0.0003078923061133728,0.000342102562348192,0.0,0.0,0.0,0.0,0.0,1219.0,0.0,0.0,0.0,1197.0,12.0,-1.203143294917554,23.0,11.508877561492936,5.996246384350952,12.0,6.0,0.0,13.428313081461338,-0.0009528209392517663,6.91847739667552,47.86532948831009,5846.0,23384.0,0.575,1.511,0.5274261603375526,3.4210256234819196e-05,6.842051246963839e-05,0.0001026307687044576,0.00013684102493927679,0.000171051281174096,0.0002052615374089152,0.0002394717936437344,0.00027368204987855357,0.0003078923061133728,0.000342102562348192,0.0,0.0,0.0,0.0,0.0,58.0,133.0,6885.0,5408.0,4468.0,0.7510000000000001,9.222496193018777,12.372,1.1050836440764942,0.5022537992282513,0.884,0.31599999999999995,0.0,1.3011984593197436,2.1714695747085297,0.6869552897610522,0.4719075701306912,5270922.0,3364.155,5270922.0,146.2891920825237,0.3090588205083212,1.9183373246664386,-3.4211426616489905e-05,1.0,1.0,1218.0,1218.0,23.0,1219.0,67699.20050761558,1.8171679253285011e-06,56073.0,18032.576120424223,2437.0,49491.515612,323.01794500000074,49491.515612,146.5370800660573,0.7195238136257979,0.41374734861443724,-7.218611016079613e-06,0.18999999999999995,-0.0030000000000001137,8234.0,1311.0,12.372,8251.0,34062.582484740255,7.314181939729499e-07,12093.835000000001,169.31753544988027,10.0
10,5235.0,20943.0,4.0,19.0,0.041666666666666664,3.819855609457963e-05,7.639711218915926e-05,0.00011459566828373888,0.0001527942243783185,0.00019099278047289813,0.00022919133656747775,0.0002673898926620574,0.000305588448756637,0.0003437870048512166,0.00038198556094579627,0.0,0.0,0.0,0.0,0.0,1088.0,0.0,0.0,0.0,1094.0,11.5,-1.2043435174855326,23.0,11.49971351082929,6.000019088334574,11.0,6.0,0.0,13.422256064722973,9.285202497142629e-05,6.921961213113152,47.91354703584289,5235.0,20943.0,0.9,2.12,0.40983606557377056,3.819855609457963e-05,7.639711218915926e-05,0.00011459566828373888,0.0001527942243783185,0.00019099278047289813,0.00022919133656747775,0.0002673898926620574,0.000305588448756637,0.0003437870048512166,0.00038198556094579627,0.0,0.0,0.0,0.0,0.0,1.0,0.0,284.0,2455.0,4858.0,0.98,7.548254541548387,10.34,1.5772466480767025,0.6408462740906743,1.33,0.43999999999999995,0.0,1.8003295788012847,2.0427990053815774,0.8680320290390308,0.7534796034376168,4716329.0,3010.394999999999,4716329.0,130.9372056974821,0.31240960845448906,1.9197417678967073,0.0008786003514401405,1.0,1.0,1093.0,1091.0,23.0,1093.0,60663.39546806515,6.783934749206945e-07,50255.0,18016.383986553596,2175.0,84851.02380000001,412.8871000000001,84851.0238,134.60607863809886,0.546122600518896,0.3926510810604324,-3.056001222400457e-05,0.18999999999999995,-0.009999999999999898,6503.0,1174.0,10.34,6578.0,29999.68602055877,7.475626979259157e-06,10278.82,324.1310405684163,2.0
11,2115.0,8463.0,4.0,19.0,0.03571428571428571,9.452689290103034e-05,0.0001890537858020607,0.00028358067870309103,0.0003781075716041214,0.0004726344645051517,0.0005671613574061821,0.0006616882503072124,0.0007562151432082428,0.000850742036109273,0.0009452689290103034,0.0,0.0,0.0,0.0,0.0,442.0,0.0,0.0,0.0,441.0,12.0,-1.2044635247952957,23.0,11.500519897910955,6.001559841165869,11.0,6.0,0.0,13.423845976388696,3.144282868197984e-05,6.923704418558114,47.93768287556116,2115.0,8463.0,0.12,1.44,0.2941176470588236,9.452689290103034e-05,0.0001890537858020607,0.00028358067870309103,0.0003781075716041214,0.0004726344645051517,0.0005671613574061821,0.0006616882503072124,0.0007562151432082428,0.000850742036109273,0.0009452689290103034,0.0,0.0,0.0,0.0,0.0,4196.0,2045.0,615.0,425.0,377.0,1.0099999999999998,4.082391590630568,7.03,0.8153114661121089,0.7951487492217435,0.3,0.19999999999999998,0.0,1.339854745207492,2.012261766704756,1.0632393669730054,1.1304779514811572,1906332.0,1216.525,1906332.0,52.95899167616134,0.3429566240036559,1.9199281527698997,0.0021743240688220835,1.0,1.0,441.0,441.0,23.0,441.0,24512.706730768718,5.269189597367547e-06,20309.0,18021.667612024958,883.0,18991.5344,86.25064999999998,18991.534400000004,61.36336952910976,0.5447148711622805,0.3024097182832293,8.508224617129794e-06,0.07999999999999999,0.0,2568.0,466.0,7.03,2779.0,11852.176552253106,5.180303463394078e-05,3198.89,179.53804499905465,2.0
12,3151.0,12604.0,4.0,19.0,0.041666666666666664,6.346788525006347e-05,0.00012693577050012695,0.0001904036557501904,0.0002538715410002539,0.00031733942625031736,0.0003808073115003808,0.0004442751967504443,0.0005077430820005078,0.0005712109672505713,0.0006346788525006347,0.0,0.0,0.0,0.0,0.0,657.0,0.0,0.0,0.0,659.0,12.0,-1.203847767695157,23.0,11.499746128459,5.9996191926885,11.5,6.0,0.0,13.422305647906162,-0.000443585953845229,6.922003170095048,47.9141278868059,3151.0,12604.0,0.52,2.82,0.2252252252252252,6.346788525006347e-05,0.00012693577050012695,0.0001904036557501904,0.0002538715410002539,0.00031733942625031736,0.0003808073115003808,0.0004442751967504443,0.0005077430820005078,0.0005712109672505713,0.0006346788525006347,0.0,0.0,0.0,0.0,0.0,64.0,1909.0,1999.0,1361.0,987.0,1.94,0.9634784381783517,8.95,1.7302538715410003,1.0749646664824666,1.43,0.9000000000000001,0.0,2.173201830126599,1.0521123988370833,1.3149249919607506,1.72902773448298,2838574.0,1811.7849999999999,2838574.0,78.8661506235173,0.32882142114173846,1.9194541415423676,0.00145985401459854,1.0,1.0,657.0,657.0,23.0,657.0,36503.83253513985,3.441473601930634e-06,30241.0,18016.97238971755,1313.0,74412.5344,272.6091499999998,74412.53439999999,72.61898794140521,0.6173274126927831,0.44901745477626154,5.712472231039434e-06,0.2,-0.009999999999999953,4059.0,711.0,8.95,4129.0,18670.354145974903,-1.3519134667094384e-05,7074.27,472.3105960012694,6.0
13,5233.0,20934.0,4.0,19.0,0.041666666666666664,3.8214613268113725e-05,7.642922653622745e-05,0.00011464383980434117,0.0001528584530724549,0.00019107306634056864,0.00022928767960868235,0.0002675022928767961,0.0003057169061449098,0.00034393151941302356,0.0003821461326811373,0.0,0.0,0.0,0.0,0.0,1089.0,0.0,0.0,0.0,1095.0,12.0,-1.2033269724516185,23.0,11.495070314888414,5.997780915026308,11.0,6.0,0.0,13.417520099219617,0.0009461773226108253,6.920491606001239,47.8932040687336,5233.0,20934.0,0.25,1.11,0.5434782608695651,3.8214613268113725e-05,7.642922653622745e-05,0.00011464383980434117,0.0001528584530724549,0.00019107306634056864,0.00022928767960868235,0.0002675022928767961,0.0003057169061449098,0.00034393151941302356,0.0003821461326811373,0.0,0.0,0.0,0.0,0.0,2319.0,8806.0,4763.0,2448.0,1841.0,0.65,8.021863029579652,8.12,0.756875573219199,0.5261943222080481,0.47,0.22999999999999998,0.0,1.069692706812116,2.4866553825494817,0.7558980444948514,0.5713818536711404,4711021.0,3007.9149999999995,4711021.0,130.9357903180648,0.3124224168842839,1.9186379791340238,0.0008789696946535713,1.0,1.0,1093.0,1091.0,23.0,1093.0,60609.02975400438,1.2548286566964203e-06,50205.0,18003.672564680703,2177.0,29942.5374,198.0545000000002,29942.5374,125.19109458088211,0.501182192780278,0.3624901593610273,-1.9108036840294176e-05,0.11999999999999997,-0.010000000000000009,6192.0,1297.0,8.12,6384.0,30120.79809569651,-5.848400443086961e-06,9485.28,114.42862154622235,2.0
14,4912.0,19651.0,4.0,19.0,0.03571428571428571,4.0709982087607885e-05,8.141996417521577e-05,0.00012212994626282364,0.00016283992835043154,0.0002035499104380394,0.0002442598925256473,0.0002849698746132552,0.0003256798567008631,0.0003663898387884709,0.0004070998208760788,0.0,0.0,0.0,0.0,0.0,1023.0,0.0,0.0,0.0,1027.0,13.0,-1.2046432138614256,23.0,11.499226510340335,6.001017623597189,11.0,6.0,0.0,13.42245546457813,-5.296694503506657e-05,6.923156820589096,47.93010036246932,4912.0,19651.0,0.35,0.96,0.8333333333333335,4.0709982087607885e-05,8.141996417521577e-05,0.00012212994626282364,0.00016283992835043154,0.0002035499104380394,0.0002442598925256473,0.0002849698746132552,0.0003256798567008631,0.0003663898387884709,0.0004070998208760788,0.0,0.0,0.0,0.0,0.0,2393.0,4611.0,7556.0,3412.0,2051.0,0.44999999999999996,7.4698263394733875,7.55,0.6971474515551215,0.388930616786259,0.53,0.18999999999999995,0.0,0.8942184683338102,2.1796928602734105,0.5600108033774575,0.31361209989946537,4425507.0,2824.555,4425507.0,122.82621672725858,0.31437741509534894,1.9194316655131702,0.0009363677075275821,1.0,1.0,1025.0,1023.0,23.0,1025.0,56914.36309619683,3.946149324395064e-07,47147.0,18016.964540162033,2045.0,19642.0295,171.24190000000044,19642.029500000008,127.59779872212287,0.4964548993946815,0.2272849407645646,1.5470422993933997e-05,0.07999999999999996,0.0,6233.0,1172.0,7.55,6345.0,26354.470098139063,1.0059226483244254e-05,5582.8,79.96592232219191,120.0
15,5236.0,20944.0,4.0,19.0,0.041666666666666664,3.819709702062643e-05,7.639419404125286e-05,0.0001145912910618793,0.00015278838808250572,0.00019098548510313216,0.0002291825821237586,0.00026737967914438503,0.00030557677616501144,0.0003437738731856379,0.0003819709702062643,0.0,0.0,0.0,0.0,0.0,1093.0,0.0,0.0,0.0,1094.0,12.0,-1.2043111238228124,23.0,11.497975553857907,6.00007623953811,11.0,6.0,0.0,13.42088124811243,-0.00030431096847095346,6.922182577686158,47.916611638821784,5236.0,20944.0,0.26,0.88,0.7575757575757576,3.819709702062643e-05,7.639419404125286e-05,0.0001145912910618793,0.00015278838808250572,0.00019098548510313216,0.0002291825821237586,0.00026737967914438503,0.00030557677616501144,0.0003437738731856379,0.0003819709702062643,0.0,0.0,0.0,0.0,0.0,57.0,12394.0,4799.0,2811.0,1923.0,0.49,10.2606350100608,6.49,0.6426753246753247,0.3930503646086533,0.43,0.16999999999999998,0.14,0.8701185960981315,2.7971737037560365,0.5865788935252011,0.34407479832924914,4715543.0,3010.0549999999994,4715543.0,130.9753217964506,0.3124083985868235,1.9179877000649375,0.0008785667901753314,1.0,1.0,1091.0,1090.0,23.0,1092.0,60622.037375441345,1.0626174616293511e-06,50211.0,18012.693380190227,2183.0,19821.044800000003,168.24879999999968,19821.044800000007,128.8640028034748,0.45677722442594665,0.29248176018946487,3.8198556094585725e-06,0.10999999999999988,-0.009999999999999981,5411.0,1199.0,6.3500000000000005,5936.0,29091.824095707005,-1.8186721200630173e-06,7656.88,75.71352916459759,0.0
16,5220.0,20880.0,4.0,19.0,0.041666666666666664,3.8314176245210727e-05,7.662835249042145e-05,0.00011494252873563218,0.0001532567049808429,0.00019157088122605365,0.00022988505747126436,0.0002681992337164751,0.0003065134099616858,0.0003448275862068965,0.0003831417624521073,0.0,0.0,0.0,0.0,0.0,1088.0,0.0,0.0,0.0,1092.0,12.0,-1.2039511424272653,23.0,11.495057471264367,5.999307693662747,11.0,6.0,0.0,13.418071247959807,0.0006608203811439104,6.921581448459225,47.908289747654905,5220.0,20880.0,0.29,0.76,0.806451612903226,3.8314176245210727e-05,7.662835249042145e-05,0.00011494252873563218,0.0001532567049808429,0.00019157088122605365,0.00022988505747126436,0.0002681992337164751,0.0003065134099616858,0.0003448275862068965,0.0003831417624521073,0.0,0.0,0.0,0.0,0.0,504.0,13493.0,4088.0,3403.0,2807.0,0.38999999999999996,11.276633220085113,4.28,0.5241042145593869,0.24687470025395988,0.39,0.12,0.0,0.6207461583477164,2.51241413064184,0.3326267658871372,0.11064056538453636,4699165.0,3000.094999999999,4699165.0,130.56360698336832,0.3125024055109257,1.9188091497758535,0.0008812598183838462,1.0,1.0,1089.0,1089.0,23.0,1089.0,60456.088979146814,8.365354628908242e-07,50079.0,18005.15345415533,2175.0,10057.0032,136.7888000000001,10057.003200000005,128.02920452903905,0.43404360052294555,0.14022146442392427,-3.831564427755931e-06,0.07,0.0,6186.0,1371.0,4.28,6098.0,26758.786989650693,-1.3921591266034402e-06,3659.64,38.534055710946774,2.0
17,1591.0,6367.0,4.0,19.0,0.041666666666666664,0.00012564392511622062,0.00025128785023244125,0.0003769317753486619,0.0005025757004648825,0.0006282196255811032,0.0007538635506973238,0.0008795074758135445,0.001005151400929765,0.0011307953260459858,0.0012564392511622063,0.0,0.0,0.0,0.0,0.0,333.0,0.0,0.0,0.0,333.0,12.5,-1.2046062094289145,23.0,11.496796079909537,6.00182143436109,11.0,6.0,0.0,13.420878881373083,9.473996132309969e-05,6.924136758142686,47.94366984546271,1591.0,6367.0,0.08,0.77,0.6097560975609756,0.00012564392511622062,0.00025128785023244125,0.0003769317753486619,0.0005025757004648825,0.0006282196255811032,0.0007538635506973238,0.0008795074758135445,0.001005151400929765,0.0011307953260459858,0.0012564392511622063,0.0,0.0,0.0,0.0,0.0,3782.0,1320.0,754.0,582.0,550.0,0.55,2.7576519850057117,3.54,0.42990199773840937,0.36160316628374395,0.23,0.16,0.0,0.6340105524164792,1.6652013143174238,0.4659974816626951,0.21715365291597388,1433575.0,914.9149999999998,1433575.0,39.80320915194531,0.35382218647188296,1.9197034430761497,0.002890173410404624,1.0,1.0,332.0,330.0,23.0,332.0,18441.616813484543,3.0230621389688198e-06,15277.0,18014.26237748178,665.0,3199.2743,34.215199999999975,3199.274300000003,51.86708266434047,0.5024806880123726,0.23725810505152048,-2.513194269916889e-06,0.09999999999999998,0.0,1971.0,366.0,3.54,2076.0,8494.026531736883,6.908489389656455e-05,1888.1,40.20198919326464,4.0
18,6013.0,24054.0,4.0,19.0,0.041666666666666664,3.3257948649727285e-05,6.651589729945457e-05,9.977384594918186e-05,0.00013303179459890914,0.00016628974324863643,0.00019954769189836372,0.000232805640548091,0.0002660635891978183,0.00029932153784754554,0.00033257948649727286,0.0,0.0,0.0,0.0,0.0,1254.0,0.0,0.0,0.0,1257.0,12.25,-1.2042464643830868,23.0,11.500798190767593,6.000432300240071,12.0,6.0,0.0,13.423577410321263,-0.0004776230215029587,6.922721391629463,47.92407146612417,6013.0,24054.0,0.17,0.45,1.666666666666667,3.3257948649727285e-05,6.651589729945457e-05,9.977384594918186e-05,0.00013303179459890914,0.00016628974324863643,0.00019954769189836372,0.000232805640548091,0.0002660635891978183,0.00029932153784754554,0.00033257948649727286,0.0,0.0,0.0,0.0,0.0,10040.0,12352.0,4921.0,1273.0,382.0,0.22999999999999998,31.17717642338527,4.68,0.36640980444326193,0.20125883089899782,0.26,0.1,0.09,0.5343923834622468,4.992078123709775,0.38899752532671933,0.15131907471031164,5418026.0,3457.9449999999997,5418026.0,150.33657129736918,0.3082131518513859,1.920411081917052,0.0007649582598862541,1.0,1.0,1255.0,1253.0,23.0,1255.0,69693.81504033245,1.3621165980328926e-07,57741.0,18019.84235208035,2507.0,8586.6757,110.17045000000041,8586.675700000003,148.17616961078429,0.3984881854717537,0.15925067349585922,2.9933149299891423e-06,0.050000000000000044,0.0,6572.0,1438.0,4.59,7018.0,31586.157572787823,6.949698084043445e-07,4788.19,28.558471746432964,0.0
19,5194.0,20776.0,4.0,19.0,0.041666666666666664,3.850596842510589e-05,7.701193685021179e-05,0.00011551790527531768,0.00015402387370042357,0.00019252984212552945,0.00023103581055063536,0.00026954177897574127,0.00030804774740084714,0.000346553715825953,0.0003850596842510589,0.0,0.0,0.0,0.0,0.0,1083.0,0.0,0.0,0.0,1085.0,12.0,-1.203554956464676,23.0,11.491913746630727,5.998374653731705,11.0,6.0,0.0,13.414959838846297,0.0014597710010215152,6.920770615896671,47.89706591785878,5194.0,20776.0,0.29,0.91,0.7575757575757577,3.850596842510589e-05,7.701193685021179e-05,0.00011551790527531768,0.00015402387370042357,0.00019252984212552945,0.00023103581055063536,0.00026954177897574127,0.00030804774740084714,0.000346553715825953,0.0003850596842510589,0.0,0.0,0.0,0.0,0.0,1053.0,9296.0,4781.0,3708.0,3081.0,0.51,10.690732892202488,5.14,0.6669537928378898,0.3674396035590369,0.5,0.22999999999999998,0.0,0.8675722481147511,2.842650427539116,0.5548461443661985,0.3078542439180364,4673591.0,2984.334999999999,4673591.0,129.910012850932,0.3126558513583865,1.9184797258269475,0.0008856713774115291,1.0,1.0,1084.0,1084.0,23.0,1084.0,60147.146094058204,7.120489936647892e-07,49821.0,17996.807732296198,2165.0,19547.1413,173.20400000000024,19547.141300000007,130.92367651969653,0.4783397269238093,0.249422003157611,-1.3862682429050043e-05,0.1,0.0,5841.0,1134.0,5.14,6035.0,28143.0121908241,-1.7265330313187762e-07,6477.240000000001,75.27105895490777,2.0
20,5236.0,20944.0,4.0,19.0,0.041666666666666664,3.819709702062643e-05,7.639419404125286e-05,0.0001145912910618793,0.00015278838808250572,0.00019098548510313216,0.0002291825821237586,0.00026737967914438503,0.00030557677616501144,0.0003437738731856379,0.0003819709702062643,0.0,0.0,0.0,0.0,0.0,1090.0,0.0,0.0,0.0,1095.0,12.0,-1.2041306936442877,23.0,11.49763177998472,5.999999276326961,11.0,6.0,0.0,13.420746057940255,0.0005008537339173777,6.922491473711199,47.92088820360425,5236.0,20944.0,0.6,1.76,0.4629629629629629,3.819709702062643e-05,7.639419404125286e-05,0.0001145912910618793,0.00015278838808250572,0.00019098548510313216,0.0002291825821237586,0.00026737967914438503,0.00030557677616501144,0.0003437738731856379,0.0003819709702062643,0.0,0.0,0.0,0.0,0.0,0.0,1321.0,4046.0,3740.0,3151.0,0.93,2.1365842090017644,6.78,1.2211531703590528,0.5689730854033397,1.06,0.44000000000000006,0.21,1.4236856683808197,1.2762983534415884,0.7318919434417731,0.5356658168749756,4715448.0,3009.9649999999997,4715448.0,131.00299528273877,0.3124084055048358,1.91867527407464,0.0008785667901753314,1.0,1.0,1092.0,1092.0,23.0,1092.0,60638.80294791765,1.3717923399102159e-06,50229.0,18012.330493907328,2179.0,53063.7415,319.68550000000016,53063.74149999999,138.5198559541453,0.538617836230536,0.3518125214866879,1.5279422437828938e-06,0.19999999999999996,-0.010000000000000009,6137.0,1192.0,6.57,6290.0,29203.794511716253,1.008946522530821e-05,9210.100000000002,202.69583062760225,0.0
21,1030.0,4121.0,4.0,19.0,0.03571428571428571,0.00019409937888198756,0.00038819875776397513,0.0005822981366459627,0.0007763975155279503,0.0009704968944099379,0.0011645962732919255,0.001358695652173913,0.0015527950310559005,0.0017468944099378882,0.0019409937888198758,0.0,0.0,0.0,0.0,0.0,215.0,0.0,0.0,0.0,215.0,12.0,-1.2038305621324992,23.0,11.502135093167702,5.999805900621118,11.5,6.0,0.0,13.424658930166693,-2.848635954079836e-05,6.922597466979022,47.92235568982438,1030.0,4121.0,0.09,0.3,1.5624999999999998,0.00019409937888198756,0.00038819875776397513,0.0005822981366459627,0.0007763975155279503,0.0009704968944099379,0.0011645962732919255,0.001358695652173913,0.0015527950310559005,0.0017468944099378882,0.0019409937888198758,0.0,0.0,0.0,0.0,0.0,3364.0,1163.0,299.0,122.0,78.0,0.17,25.820145673192204,3.18,0.23047748447204972,0.16062605187396323,0.11499999999999999,0.025000000000000022,0.06,0.3574424442223909,4.301602620286134,0.2732127926783684,0.07464523008311312,928501.0,592.4750000000001,928501.0,25.815306337849933,0.3718261794408059,1.9155503785672685,0.0044651523975927,1.0,1.0,214.0,214.0,23.0,214.0,11915.197170175717,2.15229876809049e-05,9867.0,18025.645505727043,429.0,658.2458,11.873000000000031,658.245799999999,22.856612587577466,0.40175723800769797,0.10643370219374879,3.882741215296969e-06,0.020000000000000018,0.0,1036.0,198.0,3.12,1095.0,5280.100041578645,-2.6488646686455326e-05,548.24,12.778990487284023,0.0
22,5187.0,20748.0,4.0,19.0,0.041666666666666664,3.85579332947754e-05,7.71158665895508e-05,0.0001156737998843262,0.0001542317331791016,0.000192789666473877,0.0002313475997686524,0.0002699055330634278,0.0003084634663582032,0.0003470213996529786,0.000385579332947754,0.0,0.0,0.0,0.0,0.0,1079.0,0.0,0.0,0.0,1086.0,12.0,-1.2017192786386008,23.0,11.474224021592443,5.992111515162868,11.0,6.0,0.0,13.397112735625191,0.005144905628787079,6.915548622731364,47.824812753361655,5187.0,20748.0,0.64,2.14,0.37878787878787884,3.85579332947754e-05,7.71158665895508e-05,0.0001156737998843262,0.0001542317331791016,0.000192789666473877,0.0002313475997686524,0.0002699055330634278,0.0003084634663582032,0.0003470213996529786,0.000385579332947754,0.0,0.0,0.0,0.0,0.0,16.0,255.0,4425.0,2628.0,2369.0,1.21,9.283855846742659,12.73,1.656531328320802,0.9441575235563363,1.28,0.5900000000000001,0.0,2.2216562374154476,2.776682432481649,1.480425748066644,2.191660395538683,4654882.0,2975.7599999999993,4654882.0,129.7402587777735,0.31269637229447517,1.9194108120613866,0.0006169507210611552,1.0,1.0,1086.0,1084.0,23.0,1086.0,60089.07523468668,7.857486733507785e-07,49778.0,17948.955039716206,2157.0,128008.84319999999,429.59985,128008.84319999997,135.05645668816578,0.5680239347509705,0.6448719827253798,-9.061463715585771e-05,0.22999999999999998,-0.010000000000000009,6031.0,1178.0,12.73,6167.0,35247.458407727165,-1.8217333044792076e-06,16724.11,493.5946757152772,6.0
23,5207.0,20828.0,4.0,19.0,0.041666666666666664,3.840835765862652e-05,7.681671531725304e-05,0.00011522507297587955,0.00015363343063450608,0.0001920417882931326,0.0002304501459517591,0.0002688585036103856,0.00030726686126901216,0.00034567521892763864,0.0003840835765862652,0.0,0.0,0.0,0.0,0.0,1083.0,0.0,0.0,0.0,1088.0,12.0,-1.2032961530185584,23.0,11.495122138577354,5.997079091311483,11.0,6.0,0.0,13.417130699990128,0.0007026301081354881,6.919650514282234,47.8815632398064,5207.0,20828.0,0.44,1.3,0.5434782608695654,3.840835765862652e-05,7.681671531725304e-05,0.00011522507297587955,0.00015363343063450608,0.0001920417882931326,0.0002304501459517591,0.0002688585036103856,0.00030726686126901216,0.00034567521892763864,0.0003840835765862652,0.0,0.0,0.0,0.0,0.0,3.0,3456.0,7896.0,4238.0,2814.0,0.6599999999999999,4.596846442826621,5.65,0.9251901213704102,0.49601067680943134,0.67,0.25000000000000006,0.0,1.1474150461870003,2.004504475303763,0.6786637809216884,0.4605845275349215,4686985.0,2992.754999999999,4686985.0,130.36509132843395,0.3125777836079787,1.9199154983675821,0.0008834261570962167,1.0,1.0,1089.0,1083.0,23.0,1089.0,60336.87170053459,2.2132853142665985e-06,49985.0,18002.63107355483,2165.0,34277.9897,240.87610000000035,34277.989700000006,129.9247137338687,0.5025726221752314,0.42975379297100064,7.68196658344362e-06,0.15999999999999998,-0.010000000000000009,6542.0,1130.0,5.65,6723.0,30700.52133465425,2.874357311056715e-07,11188.640000000001,131.66118571154215,2.0
24,4666.0,18664.0,4.0,19.0,0.041666666666666664,4.2863266180882985e-05,8.572653236176597e-05,0.00012858979854264894,0.00017145306472353194,0.0002143163309044149,0.0002571795970852979,0.0003000428632661809,0.0003429061294470639,0.00038576939562794685,0.0004286326618088298,0.0,0.0,0.0,0.0,0.0,970.0,0.0,0.0,0.0,974.0,11.75,-1.2042281467075258,23.0,11.500300042863266,5.99957141878146,11.0,6.0,0.0,13.422697029368589,0.00015401067316005417,6.921841840604238,47.911894466339476,4666.0,18664.0,0.48,1.27,0.6410256410256412,4.2863266180882985e-05,8.572653236176597e-05,0.00012858979854264894,0.00017145306472353194,0.0002143163309044149,0.0002571795970852979,0.0003000428632661809,0.0003429061294470639,0.00038576939562794685,0.0004286326618088298,0.0,0.0,0.0,0.0,0.0,191.0,2354.0,5652.0,4102.0,3401.0,0.6299999999999999,8.917895201667092,6.07,0.9303956279468495,0.43762024792348325,0.76,0.28,0.0,1.1230965494597902,2.422218002811418,0.6290547153514346,0.3957098349058744,4203338.0,2682.905000000001,4203338.0,116.69039435087066,0.31598849454937644,1.9189420892451454,0.000985897380942175,1.0,1.0,973.0,973.0,23.0,973.0,54042.6870942311,6.838801529225712e-07,44767.0,18017.65184962922,1939.0,29427.198900000003,217.05300000000022,29427.198900000007,123.89612947493278,0.5176594662260953,0.3039607355651764,2.9148270393072796e-05,0.15000000000000002,-0.010000000000000009,6511.0,1077.0,6.07,6599.0,25577.143135926242,1.0299562251773488e-05,7091.1,126.13999271293243,4.0
25,5228.0,20912.0,4.0,19.0,0.041666666666666664,3.8255547054322874e-05,7.651109410864575e-05,0.00011476664116296863,0.0001530221882172915,0.00019127773527161438,0.00022953328232593726,0.00026778882938026014,0.000306044376434583,0.0003442999234889059,0.00038255547054322876,0.0,0.0,0.0,0.0,0.0,1092.0,0.0,0.0,0.0,1091.0,13.0,-1.204548210576601,23.0,11.49992348890589,6.001109416718523,12.0,6.0,0.0,13.42303288317169,-0.0003694933601684064,6.923118627614223,47.92957153201905,5228.0,20912.0,0.36,1.2,0.4807692307692307,3.8255547054322874e-05,7.651109410864575e-05,0.00011476664116296863,0.0001530221882172915,0.00019127773527161438,0.00022953328232593726,0.00026778882938026014,0.000306044376434583,0.0003442999234889059,0.00038255547054322876,0.0,0.0,0.0,0.0,0.0,372.0,7127.0,6813.0,2708.0,1980.0,0.68,6.783498518182245,6.0,0.8054005355776588,0.46790745014339247,0.55,0.22000000000000003,0.0,1.0302532150251342,2.248567481174883,0.6424575194990292,0.4127516643608455,4709848.0,3005.9650000000006,4709848.0,130.72370342312533,0.31245531120131254,1.920463674968438,0.0008799112437354145,1.0,1.0,1091.0,1089.0,23.0,1091.0,60590.39768987853,5.029418796683346e-07,50199.0,18018.470484716327,2183.0,27745.562900000004,210.51599999999988,27745.562900000004,138.06533804772798,0.49739087587749337,0.2995837637247026,-2.3719346570259522e-05,0.09999999999999998,-0.009999999999999981,6313.0,1208.0,6.0,6536.0,29078.761801155764,9.207249801370214e-06,7830.820000000001,106.14622938903557,2.0
26,2007.0,8031.0,4.0,19.0,0.041666666666666664,9.961151509114453e-05,0.00019922303018228907,0.0002988345452734336,0.00039844606036457814,0.0004980575754557227,0.0005976690905468672,0.0006972806056380117,0.0007968921207291563,0.0008965036358203008,0.0009961151509114453,0.0,0.0,0.0,0.0,0.0,421.0,0.0,0.0,0.0,419.0,12.0,-1.203812467374167,23.0,11.481721286980775,5.999502587384051,11.0,6.0,0.0,13.406912148437161,0.0035257416098304676,6.922092865889946,47.91536964400448,2007.0,8031.0,0.15,1.0,0.5319148936170213,9.961151509114453e-05,0.00019922303018228907,0.0002988345452734336,0.00039844606036457814,0.0004980575754557227,0.0005976690905468672,0.0006972806056380117,0.0007968921207291563,0.0008965036358203008,0.0009961151509114453,0.0,0.0,0.0,0.0,0.0,3245.0,1942.0,1296.0,852.0,696.0,0.6799999999999999,2.5600118738812707,3.91,0.576467775674868,0.42475424954144125,0.38,0.25,0.02,0.7913328440590988,1.520958055004528,0.5421185974444449,0.2938925736951321,1804463.0,1152.5350000000003,1804463.0,50.36700282577143,0.34490626000697305,1.9247858139071528,0.002291293086272166,1.0,1.0,421.0,417.0,23.0,421.0,23309.228563528126,1.5161505815291788e-05,19321.0,17976.31998406057,841.0,6286.4988,57.86270000000009,6286.498800000001,50.815828450329136,0.5393902509750748,0.22520621637776447,2.7894002789400835e-05,0.09999999999999998,0.0,2477.0,451.0,3.89,2564.0,10662.990360295571,6.724868333356137e-06,2260.62,62.62700537955769,0.0
27,5205.0,20823.0,4.0,19.0,0.041666666666666664,3.8418686849283494e-05,7.683737369856699e-05,0.00011525606054785047,0.00015367474739713398,0.00019209343424641745,0.00023051212109570095,0.0002689308079449844,0.00030734949479426795,0.0003457681816435514,0.0003841868684928349,0.0,0.0,0.0,0.0,0.0,1085.0,0.0,0.0,0.0,1088.0,12.0,-1.2036680453709934,23.0,11.494525337123978,5.998824233793283,11.0,6.0,0.0,13.41761766448827,0.0011306804185985985,6.921585877860836,47.908351064602556,5205.0,20823.0,0.2,0.84,0.6410256410256411,3.8418686849283494e-05,7.683737369856699e-05,0.00011525606054785047,0.00015367474739713398,0.00019209343424641745,0.00023051212109570095,0.0002689308079449844,0.00030734949479426795,0.0003457681816435514,0.0003841868684928349,0.0,0.0,0.0,0.0,0.0,5663.0,9757.0,3020.0,2017.0,1694.0,0.49,5.7907032281373105,5.31,0.5409147489338814,0.37113100034070257,0.31,0.13,0.0,0.7401810933954043,2.1620618770945716,0.5052517050004008,0.25527928540581213,4686065.0,2991.7950000000005,4686065.0,130.21211746742736,0.3125861086591678,1.9221991701244814,0.0008836637467342862,1.0,1.0,1089.0,1083.0,23.0,1089.0,60377.38580159235,8.384666079592567e-07,50031.0,18003.938066697403,2169.0,14260.4575,140.7823999999996,14260.4575,132.70187714510564,0.452824543828423,0.23857153834332254,-8.452435838328218e-06,0.10000000000000003,0.0,6414.0,1122.0,5.31,6603.0,27767.132709438516,5.371183660472441e-07,6209.539999999999,54.788910019978495,4.0
