,date,hour,energy_kWh
0,2019-11-29,0,0.09
1,2019-11-29,1,0.09
2,2019-11-29,2,0.1
3,2019-11-29,3,0.09
4,2019-11-29,4,0.1
5,2019-11-29,5,0.09
6,2019-11-29,6,0.09
7,2019-11-29,7,0.08
8,2019-11-29,8,0.1
9,2019-11-29,9,0.09
10,2019-11-29,10,0.09
11,2019-11-29,11,0.09
12,2019-11-29,12,0.09
13,2019-11-29,13,0.09
14,2019-11-29,14,0.09
15,2019-11-29,15,0.09
16,2019-11-29,16,0.09
17,2019-11-29,17,0.09
18,2019-11-29,18,0.08
19,2019-11-29,19,0.09
20,2019-11-29,20,0.09
21,2019-11-29,21,0.09
22,2019-11-29,22,0.09
23,2019-11-29,23,0.09
24,2019-11-30,0,0.09
25,2019-11-30,1,0.09
26,2019-11-30,2,0.09
27,2019-11-30,3,0.09
28,2019-11-30,4,0.08
29,2019-11-30,5,0.09
30,2019-11-30,6,0.09
31,2019-11-30,7,0.09
32,2019-11-30,8,0.09
33,2019-11-30,9,0.08
34,2019-11-30,10,0.09
35,2019-11-30,11,0.09
36,2019-11-30,12,0.09
37,2019-11-30,13,0.09
38,2019-11-30,14,0.08
39,2019-11-30,15,0.09
40,2019-11-30,16,0.09
41,2019-11-30,17,0.09
42,2019-11-30,18,0.09
43,2019-11-30,19,0.09
44,2019-11-30,20,0.11
45,2019-11-30,21,0.11
46,2019-11-30,22,0.09
47,2019-11-30,23,0.09
48,2019-12-01,0,0.09
49,2019-12-01,1,0.09
50,2019-12-01,2,0.09
51,2019-12-01,3,0.09
52,2019-12-01,4,0.09
53,2019-12-01,5,0.08
54,2019-12-01,6,0.09
55,2019-12-01,7,0.09
56,2019-12-01,8,0.09
57,2019-12-01,9,0.08
58,2019-12-01,10,0.1
59,2019-12-01,11,0.09
60,2019-12-01,12,0.09
61,2019-12-01,13,0.09
62,2019-12-01,14,0.09
63,2019-12-01,15,0.09
64,2019-12-01,16,0.08
65,2019-12-01,17,0.09
66,2019-12-01,18,0.08
67,2019-12-01,19,0.09
68,2019-12-01,20,0.09
69,2019-12-01,21,0.09
70,2019-12-01,22,0.09
71,2019-12-01,23,0.08
72,2019-12-02,0,0.09
73,2019-12-02,1,0.09
74,2019-12-02,2,0.09
75,2019-12-02,3,0.09
76,2019-12-02,4,0.08
77,2019-12-02,5,0.09
78,2019-12-02,6,0.09
79,2019-12-02,7,0.09
80,2019-12-02,8,0.09
81,2019-12-02,9,0.11
82,2019-12-02,10,0.22
83,2019-12-02,11,0.48
84,2019-12-02,12,0.34
85,2019-12-02,13,0.31
86,2019-12-02,14,0.16
87,2019-12-02,15,0.09
88,2019-12-02,16,0.09
89,2019-12-02,17,0.08
90,2019-12-02,18,0.1
91,2019-12-02,19,0.09
92,2019-12-02,20,0.1
93,2019-12-02,21,0.1
94,2019-12-02,22,0.1
95,2019-12-02,23,0.08
96,2019-12-03,0,0.1
97,2019-12-03,1,0.1
98,2019-12-03,2,0.1
99,2019-12-03,3,0.1
100,2019-12-03,4,0.09
101,2019-12-03,5,0.08
102,2019-12-03,6,0.1
103,2019-12-03,7,0.09
104,2019-12-03,8,0.09
105,2019-12-03,9,0.21
106,2019-12-03,10,0.34
107,2019-12-03,11,0.33
108,2019-12-03,12,0.09
109,2019-12-03,13,0.09
110,2019-12-03,14,0.09
111,2019-12-03,15,0.09
112,2019-12-03,16,0.09
113,2019-12-03,17,0.09
114,2019-12-03,18,0.09
115,2019-12-03,19,0.09
116,2019-12-03,20,0.09
117,2019-12-03,21,0.09
118,2019-12-03,22,0.08
119,2019-12-03,23,0.1
120,2019-12-04,0,0.09
121,2019-12-04,1,0.09
122,2019-12-04,2,0.09
123,2019-12-04,3,0.09
124,2019-12-04,4,0.09
125,2019-12-04,5,0.09
126,2019-12-04,6,0.09
127,2019-12-04,7,0.09
128,2019-12-04,8,0.09
129,2019-12-04,9,0.08
130,2019-12-04,10,0.09
131,2019-12-04,11,0.09
132,2019-12-04,12,0.09
133,2019-12-04,13,0.09
134,2019-12-04,14,0.11
135,2019-12-04,15,0.1
136,2019-12-04,16,0.09
137,2019-12-04,17,0.09
138,2019-12-04,18,0.09
139,2019-12-04,19,0.09
140,2019-12-04,20,0.08
141,2019-12-04,21,0.09
142,2019-12-04,22,0.09
143,2019-12-04,23,0.09
144,2019-12-05,0,0.09
145,2019-12-05,1,0.09
146,2019-12-05,2,0.09
147,2019-12-05,3,0.09
148,2019-12-05,4,0.09
149,2019-12-05,5,0.09
150,2019-12-05,6,0.09
151,2019-12-05,7,0.08
152,2019-12-05,8,0.09
153,2019-12-05,9,0.09
154,2019-12-05,10,0.09
155,2019-12-05,11,0.09
156,2019-12-05,12,0.09
157,2019-12-05,13,0.08
158,2019-12-05,14,0.09
159,2019-12-05,15,0.09
160,2019-12-05,16,0.09
161,2019-12-05,17,0.08
162,2019-12-05,18,0.09
163,2019-12-05,19,0.09
164,2019-12-05,20,0.09
165,2019-12-05,21,0.09
166,2019-12-05,22,0.09
167,2019-12-05,23,0.09
168,2019-12-06,0,0.09
169,2019-12-06,1,0.09
170,2019-12-06,2,0.09
171,2019-12-06,3,0.09
172,2019-12-06,4,0.08
173,2019-12-06,5,0.1
174,2019-12-06,6,0.09
175,2019-12-06,7,0.09
176,2019-12-06,8,0.09
177,2019-12-06,9,0.09
178,2019-12-06,10,0.09
179,2019-12-06,11,0.09
180,2019-12-06,12,0.09
181,2019-12-06,13,0.09
182,2019-12-06,14,0.09
183,2019-12-06,15,0.09
184,2019-12-06,16,0.1
185,2019-12-06,17,0.11
186,2019-12-06,18,0.09
187,2019-12-06,19,0.09
188,2019-12-06,20,0.09
189,2019-12-06,21,0.09
190,2019-12-06,22,0.09
191,2019-12-06,23,0.09
192,2019-12-07,0,0.09
193,2019-12-07,1,0.09
194,2019-12-07,2,0.09
195,2019-12-07,3,0.09
196,2019-12-07,4,0.09
197,2019-12-07,5,0.09
198,2019-12-07,6,0.1
199,2019-12-07,7,0.09
200,2019-12-07,8,0.12
201,2019-12-07,9,0.17
202,2019-12-07,10,0.14
203,2019-12-07,11,0.15
204,2019-12-07,12,0.09
205,2019-12-07,13,0.09
206,2019-12-07,14,0.09
207,2019-12-07,15,0.09
208,2019-12-07,16,0.09
209,2019-12-07,17,0.1
210,2019-12-07,18,0.09
211,2019-12-07,19,0.08
212,2019-12-07,20,0.1
213,2019-12-07,21,0.09
214,2019-12-07,22,0.09
215,2019-12-07,23,0.09
216,2019-12-08,0,0.09
217,2019-12-08,1,0.14
218,2019-12-08,2,0.13
219,2019-12-08,3,0.1
220,2019-12-08,4,0.1
221,2019-12-08,5,0.09
222,2019-12-08,6,0.1
223,2019-12-08,7,0.09
224,2019-12-08,8,0.08
225,2019-12-08,9,0.1
226,2019-12-08,10,0.09
227,2019-12-08,11,0.09
228,2019-12-08,12,0.09
229,2019-12-08,13,0.09
230,2019-12-08,14,0.09
231,2019-12-08,15,0.09
232,2019-12-08,16,0.09
233,2019-12-08,17,0.09
234,2019-12-08,18,0.09
235,2019-12-08,19,0.09
236,2019-12-08,20,0.09
237,2019-12-08,21,0.09
238,2019-12-08,22,0.08
239,2019-12-08,23,0.09
240,2019-12-09,0,0.09
241,2019-12-09,1,0.09
242,2019-12-09,2,0.09
243,2019-12-09,3,0.09
244,2019-12-09,4,0.09
245,2019-12-09,5,0.09
246,2019-12-09,6,0.09
247,2019-12-09,7,0.14
248,2019-12-09,8,0.14
249,2019-12-09,9,0.09
250,2019-12-09,10,0.08
251,2019-12-09,11,0.28
252,2019-12-09,12,0.21
253,2019-12-09,13,0.17
254,2019-12-09,14,0.12
255,2019-12-09,15,0.1
256,2019-12-09,16,0.1
257,2019-12-09,17,0.1
258,2019-12-09,18,0.1
259,2019-12-09,19,0.1
260,2019-12-09,20,0.1
261,2019-12-09,21,0.1
262,2019-12-09,22,0.11
263,2019-12-09,23,0.09
264,2019-12-10,0,0.11
265,2019-12-10,1,0.1
266,2019-12-10,2,0.1
267,2019-12-10,3,0.12
268,2019-12-10,4,0.13
269,2019-12-10,5,0.1
270,2019-12-10,6,0.1
271,2019-12-10,7,0.23
272,2019-12-10,8,0.64
273,2019-12-10,9,1.93
274,2019-12-10,10,0.28
275,2019-12-10,11,0.14
276,2019-12-10,12,0.12
277,2019-12-10,13,0.11
278,2019-12-10,14,1.38
279,2019-12-10,15,0.12
280,2019-12-10,16,0.11
281,2019-12-10,17,0.1
282,2019-12-10,18,0.1
283,2019-12-10,19,0.1
284,2019-12-10,20,0.1
285,2019-12-10,21,0.1
286,2019-12-10,22,0.1
287,2019-12-10,23,0.09
288,2019-12-11,0,0.11
289,2019-12-11,1,0.1
290,2019-12-11,2,0.1
291,2019-12-11,3,0.1
292,2019-12-11,4,0.1
293,2019-12-11,5,0.1
294,2019-12-11,6,0.1
295,2019-12-11,7,0.31
296,2019-12-11,8,0.45
297,2019-12-11,9,2.01
298,2019-12-11,10,0.74
299,2019-12-11,11,0.13
300,2019-12-11,12,0.13
301,2019-12-11,13,0.11
302,2019-12-11,14,0.1
303,2019-12-11,15,0.1
304,2019-12-11,16,0.1
305,2019-12-11,17,0.1
306,2019-12-11,18,0.1
307,2019-12-11,19,0.1
308,2019-12-11,20,0.1
309,2019-12-11,21,0.1
310,2019-12-11,22,0.1
311,2019-12-11,23,0.1
312,2019-12-12,0,0.11
313,2019-12-12,1,0.09
314,2019-12-12,2,0.11
315,2019-12-12,3,0.1
316,2019-12-12,4,0.1
317,2019-12-12,5,0.13
318,2019-12-12,6,0.12
319,2019-12-12,7,0.16
320,2019-12-12,8,0.13
321,2019-12-12,9,0.11
322,2019-12-12,10,0.11
323,2019-12-12,11,0.1
324,2019-12-12,12,0.1
325,2019-12-12,13,0.17
326,2019-12-12,14,0.13
327,2019-12-12,15,0.09
328,2019-12-12,16,0.11
329,2019-12-12,17,0.1
330,2019-12-12,18,0.1
331,2019-12-12,19,0.1
332,2019-12-12,20,0.11
333,2019-12-12,21,0.09
334,2019-12-12,22,0.11
335,2019-12-12,23,0.1
336,2019-12-13,0,0.1
337,2019-12-13,1,0.11
338,2019-12-13,2,0.1
339,2019-12-13,3,0.11
340,2019-12-13,4,0.11
341,2019-12-13,5,0.11
342,2019-12-13,6,0.1
343,2019-12-13,7,0.1
344,2019-12-13,8,0.09
345,2019-12-13,9,0.11
346,2019-12-13,10,0.1
347,2019-12-13,11,0.1
348,2019-12-13,12,0.1
349,2019-12-13,13,0.1
350,2019-12-13,14,0.27
351,2019-12-13,15,0.22
352,2019-12-13,16,0.13
353,2019-12-13,17,0.1
354,2019-12-13,18,0.1
355,2019-12-13,19,0.1
356,2019-12-13,20,0.1
357,2019-12-13,21,0.09
358,2019-12-13,22,0.11
359,2019-12-13,23,0.1
360,2019-12-14,0,0.1
361,2019-12-14,1,0.1
362,2019-12-14,2,0.1
363,2019-12-14,3,0.1
364,2019-12-14,4,0.1
365,2019-12-14,5,0.1
366,2019-12-14,6,0.1
367,2019-12-14,7,0.12
368,2019-12-14,8,0.12
369,2019-12-14,9,0.1
370,2019-12-14,10,0.1
371,2019-12-14,11,0.1
372,2019-12-14,12,0.1
373,2019-12-14,13,0.1
374,2019-12-14,14,0.11
375,2019-12-14,15,0.11
376,2019-12-14,16,0.1
377,2019-12-14,17,0.09
378,2019-12-14,18,0.1
379,2019-12-14,19,0.1
380,2019-12-14,20,0.1
381,2019-12-14,21,0.1
382,2019-12-14,22,0.1
383,2019-12-14,23,0.1
384,2019-12-15,0,0.1
385,2019-12-15,1,0.1
386,2019-12-15,2,0.1
387,2019-12-15,3,0.1
388,2019-12-15,4,0.11
389,2019-12-15,5,0.1
390,2019-12-15,6,0.1
391,2019-12-15,7,0.1
392,2019-12-15,8,0.1
393,2019-12-15,9,0.1
394,2019-12-15,10,0.1
395,2019-12-15,11,0.1
396,2019-12-15,12,0.09
397,2019-12-15,13,0.11
398,2019-12-15,14,0.19
399,2019-12-15,15,0.25
400,2019-12-15,16,0.33
401,2019-12-15,17,0.31
402,2019-12-15,18,0.12
403,2019-12-15,19,0.13
404,2019-12-15,20,0.26
405,2019-12-15,21,0.25
406,2019-12-15,22,0.22
407,2019-12-15,23,0.17
408,2019-12-16,0,0.12
409,2019-12-16,1,0.11
410,2019-12-16,2,0.11
411,2019-12-16,3,0.11
412,2019-12-16,4,0.1
413,2019-12-16,5,0.12
414,2019-12-16,6,0.11
415,2019-12-16,7,0.15
416,2019-12-16,8,0.16
417,2019-12-16,9,0.11
418,2019-12-16,10,0.1
419,2019-12-16,11,0.14
420,2019-12-16,12,0.11
421,2019-12-16,13,0.11
422,2019-12-16,14,0.11
423,2019-12-16,15,0.2
424,2019-12-16,16,0.11
425,2019-12-16,17,0.24
426,2019-12-16,18,0.32
427,2019-12-16,19,0.28
428,2019-12-16,20,0.15
429,2019-12-16,21,0.13
430,2019-12-16,22,0.13
431,2019-12-16,23,0.17
432,2019-12-17,0,0.15
433,2019-12-17,1,0.12
434,2019-12-17,2,0.18
435,2019-12-17,3,0.15
436,2019-12-17,4,0.12
437,2019-12-17,5,0.12
438,2019-12-17,6,0.15
439,2019-12-17,7,0.2
440,2019-12-17,8,0.12
441,2019-12-17,9,0.11
442,2019-12-17,10,0.12
443,2019-12-17,11,0.1
444,2019-12-17,12,0.12
445,2019-12-17,13,0.11
446,2019-12-17,14,0.27
447,2019-12-17,15,0.22
448,2019-12-17,16,0.16
449,2019-12-17,17,0.11
450,2019-12-17,18,0.13
451,2019-12-17,19,0.15
452,2019-12-17,20,0.27
453,2019-12-17,21,0.26
454,2019-12-17,22,0.28
455,2019-12-17,23,0.24
456,2019-12-18,0,0.11
457,2019-12-18,1,0.12
458,2019-12-18,2,0.11
459,2019-12-18,3,0.11
460,2019-12-18,4,0.11
461,2019-12-18,5,0.1
462,2019-12-18,6,0.15
463,2019-12-18,7,0.11
464,2019-12-18,8,0.11
465,2019-12-18,9,0.11
466,2019-12-18,10,0.1
467,2019-12-18,11,0.16
468,2019-12-18,12,0.15
469,2019-12-18,13,0.13
470,2019-12-18,14,0.13
471,2019-12-18,15,0.2
472,2019-12-18,16,0.11
473,2019-12-18,17,0.1
474,2019-12-18,18,0.12
475,2019-12-18,19,0.15
476,2019-12-18,20,0.26
477,2019-12-18,21,0.26
478,2019-12-18,22,0.27
479,2019-12-18,23,0.18
480,2019-12-19,0,0.11
481,2019-12-19,1,0.13
482,2019-12-19,2,0.13
483,2019-12-19,3,0.13
484,2019-12-19,4,0.12
485,2019-12-19,5,0.11
486,2019-12-19,6,0.11
487,2019-12-19,7,0.27
488,2019-12-19,8,0.27
489,2019-12-19,9,0.14
490,2019-12-19,10,0.12
491,2019-12-19,11,0.11
492,2019-12-19,12,0.11
493,2019-12-19,13,0.11
494,2019-12-19,14,0.1
495,2019-12-19,15,0.22
496,2019-12-19,16,0.48
497,2019-12-19,17,0.57
498,2019-12-19,18,0.3
499,2019-12-19,19,0.25
500,2019-12-19,20,0.3
501,2019-12-19,21,0.39
502,2019-12-19,22,0.28
503,2019-12-19,23,0.14
504,2019-12-20,0,0.12
505,2019-12-20,1,0.12
506,2019-12-20,2,0.11
507,2019-12-20,3,0.12
508,2019-12-20,4,0.11
509,2019-12-20,5,0.1
510,2019-12-20,6,0.12
511,2019-12-20,7,0.33
512,2019-12-20,8,0.11
513,2019-12-20,9,0.12
514,2019-12-20,10,0.12
515,2019-12-20,11,0.19
516,2019-12-20,12,0.1
517,2019-12-20,13,0.08
518,2019-12-20,14,0.09
519,2019-12-20,15,0.13
520,2019-12-20,16,0.22
521,2019-12-20,17,0.26
522,2019-12-20,18,0.31
523,2019-12-20,19,0.53
524,2019-12-20,20,0.26
525,2019-12-20,21,0.99
526,2019-12-20,22,1.71
527,2019-12-20,23,0.14
528,2019-12-21,0,0.13
529,2019-12-21,1,0.1
530,2019-12-21,2,0.09
531,2019-12-21,3,0.09
532,2019-12-21,4,0.09
533,2019-12-21,5,0.09
534,2019-12-21,6,0.13
535,2019-12-21,7,0.15
536,2019-12-21,8,0.22
537,2019-12-21,9,0.26
538,2019-12-21,10,0.24
539,2019-12-21,11,0.14
540,2019-12-21,12,0.13
541,2019-12-21,13,0.85
542,2019-12-21,14,1.8
543,2019-12-21,15,0.28
544,2019-12-21,16,0.28
545,2019-12-21,17,0.2
546,2019-12-21,18,0.14
547,2019-12-21,19,0.14
548,2019-12-21,20,0.14
549,2019-12-21,21,0.31
550,2019-12-21,22,0.24
551,2019-12-21,23,0.24
552,2019-12-22,0,0.24
553,2019-12-22,1,0.13
554,2019-12-22,2,0.14
555,2019-12-22,3,0.14
556,2019-12-22,4,0.14
557,2019-12-22,5,0.11
558,2019-12-22,6,0.14
559,2019-12-22,7,0.135
560,2019-12-22,8,0.37
561,2019-12-22,9,0.26
562,2019-12-22,10,0.14
563,2019-12-22,11,0.13
564,2019-12-22,12,0.13
565,2019-12-22,13,0.13
566,2019-12-22,14,0.18
567,2019-12-22,15,0.21
568,2019-12-22,16,0.35
569,2019-12-22,17,0.42
570,2019-12-22,18,0.39
571,2019-12-22,19,0.33
572,2019-12-22,20,0.2
573,2019-12-22,21,0.16
574,2019-12-22,22,0.16
575,2019-12-22,23,0.16
576,2019-12-23,0,0.3
577,2019-12-23,1,0.28
578,2019-12-23,2,0.13
579,2019-12-23,3,0.13
580,2019-12-23,4,0.13
581,2019-12-23,5,0.13
582,2019-12-23,6,0.22
583,2019-12-23,7,0.12
584,2019-12-23,8,0.13
585,2019-12-23,9,0.15
586,2019-12-23,10,0.13
587,2019-12-23,11,0.13
588,2019-12-23,12,0.2
589,2019-12-23,13,0.3
590,2019-12-23,14,0.48
591,2019-12-23,15,1.0
592,2019-12-23,16,1.4
593,2019-12-23,17,1.27
594,2019-12-23,18,1.21
595,2019-12-23,19,0.48
596,2019-12-23,20,0.91
597,2019-12-23,21,0.86
598,2019-12-23,22,0.5
599,2019-12-23,23,0.74
600,2019-12-24,0,0.16
601,2019-12-24,1,0.17
602,2019-12-24,2,0.17
603,2019-12-24,3,0.15
604,2019-12-24,4,0.13
605,2019-12-24,5,0.13
606,2019-12-24,6,0.13
607,2019-12-24,7,0.13
608,2019-12-24,8,0.35
609,2019-12-24,9,1.86
610,2019-12-24,10,1.8
611,2019-12-24,11,0.41
612,2019-12-24,12,1.11
613,2019-12-24,13,0.25
614,2019-12-24,14,0.15
615,2019-12-24,15,0.43
616,2019-12-24,16,0.28
617,2019-12-24,17,0.17
618,2019-12-24,18,0.13
619,2019-12-24,19,0.13
620,2019-12-24,20,0.2
621,2019-12-24,21,0.27
622,2019-12-24,22,0.27
623,2019-12-24,23,0.14
624,2019-12-25,0,0.14
625,2019-12-25,1,0.13
626,2019-12-25,2,0.13
627,2019-12-25,3,0.13
628,2019-12-25,4,0.14
629,2019-12-25,5,0.26
630,2019-12-25,6,0.27
631,2019-12-25,7,0.27
632,2019-12-25,8,0.29
633,2019-12-25,9,0.3
634,2019-12-25,10,0.23
635,2019-12-25,11,0.25
636,2019-12-25,12,0.16
637,2019-12-25,13,0.14
638,2019-12-25,14,0.28
639,2019-12-25,15,0.28
640,2019-12-25,16,0.24
641,2019-12-25,17,0.32
642,2019-12-25,18,0.35
643,2019-12-25,19,0.34
644,2019-12-25,20,0.18
645,2019-12-25,21,0.22
646,2019-12-25,22,0.15
647,2019-12-25,23,0.14
648,2019-12-26,0,0.13
649,2019-12-26,1,0.13
650,2019-12-26,2,0.14
651,2019-12-26,3,0.13
652,2019-12-26,4,0.13
653,2019-12-26,5,0.12
654,2019-12-26,6,0.13
655,2019-12-26,7,0.19
656,2019-12-26,8,0.39
657,2019-12-26,9,0.18
658,2019-12-26,10,0.13
659,2019-12-26,11,0.12
660,2019-12-26,12,0.17
661,2019-12-26,13,0.18
662,2019-12-26,14,0.15
663,2019-12-26,15,0.16
664,2019-12-26,16,0.13
665,2019-12-26,17,0.13
666,2019-12-26,18,0.26
667,2019-12-26,19,0.22
668,2019-12-26,20,0.24
669,2019-12-26,21,0.235
670,2019-12-26,22,0.21
671,2019-12-26,23,0.14
672,2019-12-27,0,0.13
673,2019-12-27,1,0.14
674,2019-12-27,2,0.13
675,2019-12-27,3,0.13
676,2019-12-27,4,0.13
677,2019-12-27,5,0.14
678,2019-12-27,6,0.13
679,2019-12-27,7,0.13
680,2019-12-27,8,0.17
681,2019-12-27,9,0.26
682,2019-12-27,10,0.2
683,2019-12-27,11,0.13
684,2019-12-27,12,0.13
685,2019-12-27,13,0.29
686,2019-12-27,14,0.3
687,2019-12-27,15,0.36
688,2019-12-27,16,0.36
689,2019-12-27,17,0.31
690,2019-12-27,18,0.26
691,2019-12-27,19,0.23
692,2019-12-27,20,0.23
693,2019-12-27,21,0.25
694,2019-12-27,22,0.27
695,2019-12-27,23,0.15
696,2019-12-28,0,0.13
697,2019-12-28,1,0.13
698,2019-12-28,2,0.13
699,2019-12-28,3,0.13
700,2019-12-28,4,0.12
701,2019-12-28,5,0.14
702,2019-12-28,6,0.19
703,2019-12-28,7,0.17
704,2019-12-28,8,0.2
705,2019-12-28,9,0.29
706,2019-12-28,10,0.36
707,2019-12-28,11,0.16
708,2019-12-28,12,0.14
709,2019-12-28,13,0.13
710,2019-12-28,14,0.14
711,2019-12-28,15,0.16
712,2019-12-28,16,0.26
713,2019-12-28,17,0.28
714,2019-12-28,18,0.28
715,2019-12-28,19,0.24
716,2019-12-28,20,0.19
717,2019-12-28,21,0.28
718,2019-12-28,22,0.25
719,2019-12-28,23,0.15
720,2019-12-29,0,0.15
721,2019-12-29,1,0.13
722,2019-12-29,2,0.13
723,2019-12-29,3,0.13
724,2019-12-29,4,0.14
725,2019-12-29,5,0.13
726,2019-12-29,6,0.13
727,2019-12-29,7,0.12
728,2019-12-29,8,0.23
729,2019-12-29,9,0.28
730,2019-12-29,10,0.27
731,2019-12-29,11,0.19
732,2019-12-29,12,0.48
733,2019-12-29,13,1.24
734,2019-12-29,14,1.43
735,2019-12-29,15,0.2
736,2019-12-29,16,0.32
737,2019-12-29,17,0.37
738,2019-12-29,18,0.27
739,2019-12-29,19,0.27
740,2019-12-29,20,0.25
741,2019-12-29,21,0.45
742,2019-12-29,22,0.28
743,2019-12-29,23,0.19
744,2019-12-30,0,0.14
745,2019-12-30,1,0.13
746,2019-12-30,2,0.14
747,2019-12-30,3,0.13
748,2019-12-30,4,0.13
749,2019-12-30,5,0.13
750,2019-12-30,6,0.13
751,2019-12-30,7,0.16
752,2019-12-30,8,0.42
753,2019-12-30,9,0.33
754,2019-12-30,10,0.3
755,2019-12-30,11,0.18
756,2019-12-30,12,0.16
757,2019-12-30,13,0.28
758,2019-12-30,14,0.18
759,2019-12-30,15,0.18
760,2019-12-30,16,0.37
761,2019-12-30,17,0.32
762,2019-12-30,18,0.26
763,2019-12-30,19,0.34
764,2019-12-30,20,0.33
765,2019-12-30,21,0.34
766,2019-12-30,22,0.31
767,2019-12-30,23,0.26
768,2019-12-31,0,0.14500000000000002
769,2019-12-31,1,0.19
770,2019-12-31,2,0.17
771,2019-12-31,3,0.15
772,2019-12-31,4,0.13
773,2019-12-31,5,0.14
774,2019-12-31,6,0.13
775,2019-12-31,7,0.14
776,2019-12-31,8,0.26
777,2019-12-31,9,0.32
778,2019-12-31,10,0.24
779,2019-12-31,11,0.26
780,2019-12-31,12,0.3
781,2019-12-31,13,0.3
782,2019-12-31,14,0.5
783,2019-12-31,15,1.62
784,2019-12-31,16,0.47
785,2019-12-31,17,0.22
786,2019-12-31,18,0.13
787,2019-12-31,19,0.19
788,2019-12-31,20,0.24
789,2019-12-31,21,0.25
790,2019-12-31,22,0.28
791,2019-12-31,23,0.31
792,2020-01-01,0,0.15
793,2020-01-01,1,0.12
794,2020-01-01,2,0.14
795,2020-01-01,3,0.13
796,2020-01-01,4,0.13
797,2020-01-01,5,0.13
798,2020-01-01,6,0.13
799,2020-01-01,7,0.14
800,2020-01-01,8,0.15
801,2020-01-01,9,0.28
802,2020-01-01,10,0.22
803,2020-01-01,11,0.19
804,2020-01-01,12,0.18
805,2020-01-01,13,0.27
806,2020-01-01,14,0.27
807,2020-01-01,15,0.29
808,2020-01-01,16,0.33
809,2020-01-01,17,0.48
810,2020-01-01,18,0.25
811,2020-01-01,19,0.23
812,2020-01-01,20,0.3
813,2020-01-01,21,0.34
814,2020-01-01,22,0.31
815,2020-01-01,23,0.24
816,2020-01-02,0,0.14
817,2020-01-02,1,0.12
818,2020-01-02,2,0.14
819,2020-01-02,3,0.14
820,2020-01-02,4,0.14
821,2020-01-02,5,0.13
822,2020-01-02,6,0.14
823,2020-01-02,7,0.13
824,2020-01-02,8,0.24
825,2020-01-02,9,0.28
826,2020-01-02,10,0.32
827,2020-01-02,11,0.29
828,2020-01-02,12,0.13
829,2020-01-02,13,0.5
830,2020-01-02,14,1.25
831,2020-01-02,15,1.31
832,2020-01-02,16,0.33
833,2020-01-02,17,0.33
834,2020-01-02,18,0.29
835,2020-01-02,19,0.29
836,2020-01-02,20,0.38
837,2020-01-02,21,0.34
838,2020-01-02,22,0.29
839,2020-01-02,23,0.2
840,2020-01-03,0,0.14
841,2020-01-03,1,0.14
842,2020-01-03,2,0.13
843,2020-01-03,3,0.14
844,2020-01-03,4,0.13
845,2020-01-03,5,0.14
846,2020-01-03,6,0.13
847,2020-01-03,7,0.13
848,2020-01-03,8,0.18
849,2020-01-03,9,0.36
850,2020-01-03,10,0.28
851,2020-01-03,11,0.22
852,2020-01-03,12,0.13
853,2020-01-03,13,0.13
854,2020-01-03,14,0.13
855,2020-01-03,15,0.11
856,2020-01-03,16,0.13
857,2020-01-03,17,0.4
858,2020-01-03,18,0.35
859,2020-01-03,19,0.33
860,2020-01-03,20,0.34
861,2020-01-03,21,0.36
862,2020-01-03,22,0.3
863,2020-01-03,23,0.12
864,2020-01-04,0,0.08
865,2020-01-04,1,0.1
866,2020-01-04,2,0.09
867,2020-01-04,3,0.09
868,2020-01-04,4,0.09
869,2020-01-04,5,0.09
870,2020-01-04,6,0.12
871,2020-01-04,7,0.13
872,2020-01-04,8,0.31
873,2020-01-04,9,0.2
874,2020-01-04,10,0.11
875,2020-01-04,11,0.15
876,2020-01-04,12,0.26
877,2020-01-04,13,0.19
878,2020-01-04,14,0.09
879,2020-01-04,15,0.08
880,2020-01-04,16,0.1
881,2020-01-04,17,0.1
882,2020-01-04,18,0.09
883,2020-01-04,19,0.09
884,2020-01-04,20,0.09
885,2020-01-04,21,0.08
886,2020-01-04,22,0.1
887,2020-01-04,23,0.09
888,2020-01-05,0,0.09
889,2020-01-05,1,0.1
890,2020-01-05,2,0.1
891,2020-01-05,3,0.08
892,2020-01-05,4,0.1
893,2020-01-05,5,0.09
894,2020-01-05,6,0.09
895,2020-01-05,7,0.09
896,2020-01-05,8,0.11
897,2020-01-05,9,0.33
898,2020-01-05,10,0.33
899,2020-01-05,11,0.49
900,2020-01-05,12,1.07
901,2020-01-05,13,2.11
902,2020-01-05,14,0.81
903,2020-01-05,15,1.01
904,2020-01-05,16,0.41
905,2020-01-05,17,0.49
906,2020-01-05,18,0.36
907,2020-01-05,19,0.31
908,2020-01-05,20,0.27
909,2020-01-05,21,0.14
910,2020-01-05,22,0.14
911,2020-01-05,23,0.23
912,2020-01-06,0,0.15
913,2020-01-06,1,0.13
914,2020-01-06,2,0.14
915,2020-01-06,3,0.13
916,2020-01-06,4,0.13
917,2020-01-06,5,0.13
918,2020-01-06,6,0.12
919,2020-01-06,7,0.15
920,2020-01-06,8,0.13
921,2020-01-06,9,0.13
922,2020-01-06,10,0.13
923,2020-01-06,11,0.13
924,2020-01-06,12,0.12
925,2020-01-06,13,0.14
926,2020-01-06,14,0.13
927,2020-01-06,15,0.27
928,2020-01-06,16,0.25
929,2020-01-06,17,0.24
930,2020-01-06,18,0.27
931,2020-01-06,19,0.25
932,2020-01-06,20,0.28
933,2020-01-06,21,0.24
934,2020-01-06,22,0.4
935,2020-01-06,23,0.19
936,2020-01-07,0,0.13
937,2020-01-07,1,0.14
938,2020-01-07,2,0.19
939,2020-01-07,3,0.16
940,2020-01-07,4,0.14
941,2020-01-07,5,0.14
942,2020-01-07,6,0.16
943,2020-01-07,7,0.13
944,2020-01-07,8,0.12
945,2020-01-07,9,0.14
946,2020-01-07,10,0.13
947,2020-01-07,11,0.13
948,2020-01-07,12,0.13
949,2020-01-07,13,0.13
950,2020-01-07,14,0.3
951,2020-01-07,15,0.13
952,2020-01-07,16,0.13
953,2020-01-07,17,0.13
954,2020-01-07,18,0.13
955,2020-01-07,19,0.13
956,2020-01-07,20,0.3
957,2020-01-07,21,0.37
958,2020-01-07,22,0.19
959,2020-01-07,23,0.14
960,2020-01-08,0,0.13
961,2020-01-08,1,0.13
962,2020-01-08,2,0.13
963,2020-01-08,3,0.13
964,2020-01-08,4,0.13
965,2020-01-08,5,0.14
966,2020-01-08,6,0.15
967,2020-01-08,7,0.13
968,2020-01-08,8,0.13
969,2020-01-08,9,0.12
970,2020-01-08,10,0.13
971,2020-01-08,11,0.19
972,2020-01-08,12,0.17
973,2020-01-08,13,0.27
974,2020-01-08,14,0.33
975,2020-01-08,15,0.32
976,2020-01-08,16,0.26
977,2020-01-08,17,0.36
978,2020-01-08,18,0.33
979,2020-01-08,19,0.39
980,2020-01-08,20,0.13
981,2020-01-08,21,0.21
982,2020-01-08,22,0.39
983,2020-01-08,23,0.16
984,2020-01-09,0,0.13
985,2020-01-09,1,0.13
986,2020-01-09,2,0.13
987,2020-01-09,3,0.13
988,2020-01-09,4,0.13
989,2020-01-09,5,0.14
990,2020-01-09,6,0.13
991,2020-01-09,7,0.13
992,2020-01-09,8,0.42
993,2020-01-09,9,1.57
994,2020-01-09,10,0.93
995,2020-01-09,11,0.24
996,2020-01-09,12,0.32
997,2020-01-09,13,0.31
998,2020-01-09,14,0.32
999,2020-01-09,15,0.35
1000,2020-01-09,16,0.36
1001,2020-01-09,17,0.33
1002,2020-01-09,18,0.31
1003,2020-01-09,19,0.17
1004,2020-01-09,20,0.17
1005,2020-01-09,21,0.39
1006,2020-01-09,22,0.37
1007,2020-01-09,23,0.19
1008,2020-01-10,0,0.15
1009,2020-01-10,1,0.15
1010,2020-01-10,2,0.15
1011,2020-01-10,3,0.14
1012,2020-01-10,4,0.14
1013,2020-01-10,5,0.13
1014,2020-01-10,6,0.16
1015,2020-01-10,7,0.35
1016,2020-01-10,8,0.28
1017,2020-01-10,9,0.23
1018,2020-01-10,10,0.25
1019,2020-01-10,11,0.31
1020,2020-01-10,12,0.34
1021,2020-01-10,13,0.33
1022,2020-01-10,14,0.32
1023,2020-01-10,15,0.29
1024,2020-01-10,16,0.3
1025,2020-01-10,17,0.3
1026,2020-01-10,18,0.33999999999999997
1027,2020-01-10,19,0.35
1028,2020-01-10,20,0.2
1029,2020-01-10,21,0.25
1030,2020-01-10,22,0.28
1031,2020-01-10,23,0.28
1032,2020-01-11,0,0.15
1033,2020-01-11,1,0.17
1034,2020-01-11,2,0.16
1035,2020-01-11,3,0.16
1036,2020-01-11,4,0.16
1037,2020-01-11,5,0.15
1038,2020-01-11,6,0.21
1039,2020-01-11,7,0.2
1040,2020-01-11,8,0.32
1041,2020-01-11,9,0.38
1042,2020-01-11,10,0.26
1043,2020-01-11,11,0.14
1044,2020-01-11,12,0.2
1045,2020-01-11,13,0.23
1046,2020-01-11,14,0.26
1047,2020-01-11,15,0.28
1048,2020-01-11,16,0.32
1049,2020-01-11,17,0.36
1050,2020-01-11,18,0.37
1051,2020-01-11,19,0.37
1052,2020-01-11,20,0.38
1053,2020-01-11,21,0.4
1054,2020-01-11,22,0.42
1055,2020-01-11,23,0.37
1056,2020-01-12,0,0.36
1057,2020-01-12,1,0.51
1058,2020-01-12,2,0.23
1059,2020-01-12,3,0.16
1060,2020-01-12,4,0.16
1061,2020-01-12,5,0.16
1062,2020-01-12,6,0.15
1063,2020-01-12,7,0.16
1064,2020-01-12,8,0.31
1065,2020-01-12,9,0.39
1066,2020-01-12,10,0.38
1067,2020-01-12,11,0.4
1068,2020-01-12,12,0.14
1069,2020-01-12,13,0.18
1070,2020-01-12,14,0.31
1071,2020-01-12,15,0.32
1072,2020-01-12,16,0.35
1073,2020-01-12,17,0.36
1074,2020-01-12,18,0.3
1075,2020-01-12,19,0.39
1076,2020-01-12,20,0.38
1077,2020-01-12,21,0.35
1078,2020-01-12,22,0.19
1079,2020-01-12,23,0.17
1080,2020-01-13,0,0.17
1081,2020-01-13,1,0.17
1082,2020-01-13,2,0.16
1083,2020-01-13,3,0.17
1084,2020-01-13,4,0.15
1085,2020-01-13,5,0.17
1086,2020-01-13,6,0.29
1087,2020-01-13,7,0.21
1088,2020-01-13,8,0.23
1089,2020-01-13,9,0.31
1090,2020-01-13,10,0.21
1091,2020-01-13,11,0.26
1092,2020-01-13,12,0.28
1093,2020-01-13,13,0.16
1094,2020-01-13,14,0.17
1095,2020-01-13,15,0.16
1096,2020-01-13,16,0.16
1097,2020-01-13,17,0.16
1098,2020-01-13,18,0.36
1099,2020-01-13,19,0.3
1100,2020-01-13,20,0.31
1101,2020-01-13,21,0.22
1102,2020-01-13,22,0.18
1103,2020-01-13,23,0.16
1104,2020-01-14,0,0.16
1105,2020-01-14,1,0.21
1106,2020-01-14,2,0.21
1107,2020-01-14,3,0.18
1108,2020-01-14,4,0.16
1109,2020-01-14,5,0.17
1110,2020-01-14,6,0.22
1111,2020-01-14,7,0.39
1112,2020-01-14,8,0.25
1113,2020-01-14,9,1.3
1114,2020-01-14,10,0.71
1115,2020-01-14,11,0.17
1116,2020-01-14,12,0.2
1117,2020-01-14,13,0.16
1118,2020-01-14,14,0.17
1119,2020-01-14,15,0.15
1120,2020-01-14,16,0.16
1121,2020-01-14,17,0.14
1122,2020-01-14,18,0.32
1123,2020-01-14,19,0.32
1124,2020-01-14,20,0.28
1125,2020-01-14,21,0.29
1126,2020-01-14,22,0.18
1127,2020-01-14,23,0.17
1128,2020-01-15,0,0.16
1129,2020-01-15,1,0.17
1130,2020-01-15,2,0.15
1131,2020-01-15,3,0.17
1132,2020-01-15,4,0.15
1133,2020-01-15,5,0.13
1134,2020-01-15,6,0.14
1135,2020-01-15,7,0.3
1136,2020-01-15,8,0.36
1137,2020-01-15,9,0.25
1138,2020-01-15,10,0.13
1139,2020-01-15,11,0.4
1140,2020-01-15,12,0.34
1141,2020-01-15,13,0.35
1142,2020-01-15,14,0.39
1143,2020-01-15,15,0.24
1144,2020-01-15,16,0.3
1145,2020-01-15,17,0.36
1146,2020-01-15,18,0.43
1147,2020-01-15,19,0.34
1148,2020-01-15,20,0.48
1149,2020-01-15,21,0.38
1150,2020-01-15,22,0.39
1151,2020-01-15,23,0.15
1152,2020-01-16,0,0.17
1153,2020-01-16,1,0.17
1154,2020-01-16,2,0.17
1155,2020-01-16,3,0.16
1156,2020-01-16,4,0.17
1157,2020-01-16,5,0.16
1158,2020-01-16,6,0.3
1159,2020-01-16,7,0.21
1160,2020-01-16,8,0.21
1161,2020-01-16,9,0.37
1162,2020-01-16,10,0.36
1163,2020-01-16,11,0.24
1164,2020-01-16,12,0.17
1165,2020-01-16,13,0.17
1166,2020-01-16,14,0.16
1167,2020-01-16,15,0.16
1168,2020-01-16,16,0.41
1169,2020-01-16,17,0.51
1170,2020-01-16,18,1.93
1171,2020-01-16,19,1.19
1172,2020-01-16,20,0.39
1173,2020-01-16,21,0.39
1174,2020-01-16,22,0.21
1175,2020-01-16,23,0.19
1176,2020-01-17,0,0.17
1177,2020-01-17,1,0.18
1178,2020-01-17,2,0.18
1179,2020-01-17,3,0.17
1180,2020-01-17,4,0.17
1181,2020-01-17,5,0.17
1182,2020-01-17,6,0.22
1183,2020-01-17,7,0.19
1184,2020-01-17,8,0.15
1185,2020-01-17,9,0.15
1186,2020-01-17,10,0.17
1187,2020-01-17,11,0.17
1188,2020-01-17,12,0.16
1189,2020-01-17,13,0.17
1190,2020-01-17,14,0.17
1191,2020-01-17,15,0.16
1192,2020-01-17,16,0.17
1193,2020-01-17,17,0.27
1194,2020-01-17,18,0.43
1195,2020-01-17,19,0.33
1196,2020-01-17,20,0.29
1197,2020-01-17,21,0.29
1198,2020-01-17,22,0.35
1199,2020-01-17,23,0.23
1200,2020-01-18,0,0.17
1201,2020-01-18,1,0.17
1202,2020-01-18,2,0.17
1203,2020-01-18,3,0.16
1204,2020-01-18,4,0.17
1205,2020-01-18,5,0.15
1206,2020-01-18,6,0.21
1207,2020-01-18,7,0.23
1208,2020-01-18,8,0.18
1209,2020-01-18,9,0.17
1210,2020-01-18,10,0.16
1211,2020-01-18,11,0.17
1212,2020-01-18,12,0.28
1213,2020-01-18,13,0.35
1214,2020-01-18,14,0.28
1215,2020-01-18,15,0.22
1216,2020-01-18,16,0.13
1217,2020-01-18,17,0.14
1218,2020-01-18,18,0.15
1219,2020-01-18,19,0.14
1220,2020-01-18,20,0.14
1221,2020-01-18,21,0.14
1222,2020-01-18,22,0.17
1223,2020-01-18,23,0.23
1224,2020-01-19,0,0.15
1225,2020-01-19,1,0.14
1226,2020-01-19,2,0.14
1227,2020-01-19,3,0.15
1228,2020-01-19,4,0.13
1229,2020-01-19,5,0.15
1230,2020-01-19,6,0.14
1231,2020-01-19,7,0.19
1232,2020-01-19,8,0.3
1233,2020-01-19,9,0.48
1234,2020-01-19,10,0.34
1235,2020-01-19,11,0.42
1236,2020-01-19,12,0.14
1237,2020-01-19,13,0.14
1238,2020-01-19,14,0.28
1239,2020-01-19,15,0.23
1240,2020-01-19,16,0.37
1241,2020-01-19,17,0.36
1242,2020-01-19,18,0.29
1243,2020-01-19,19,0.33
1244,2020-01-19,20,0.34
1245,2020-01-19,21,0.34
1246,2020-01-19,22,0.21
1247,2020-01-19,23,0.16
1248,2020-01-20,0,0.15
1249,2020-01-20,1,0.15
1250,2020-01-20,2,0.16
1251,2020-01-20,3,0.15
1252,2020-01-20,4,0.13
1253,2020-01-20,5,0.15
1254,2020-01-20,6,0.15
1255,2020-01-20,7,0.3
1256,2020-01-20,8,0.38
1257,2020-01-20,9,0.36
1258,2020-01-20,10,0.15
1259,2020-01-20,11,0.14
1260,2020-01-20,12,0.26
1261,2020-01-20,13,0.19
1262,2020-01-20,14,0.14
1263,2020-01-20,15,0.14
1264,2020-01-20,16,0.32
1265,2020-01-20,17,0.35
1266,2020-01-20,18,0.25
1267,2020-01-20,19,0.3
1268,2020-01-20,20,0.27
1269,2020-01-20,21,0.28
1270,2020-01-20,22,0.29
1271,2020-01-20,23,0.16
1272,2020-01-21,0,0.15
1273,2020-01-21,1,0.2
1274,2020-01-21,2,0.2
1275,2020-01-21,3,0.18
1276,2020-01-21,4,0.13
1277,2020-01-21,5,0.15
1278,2020-01-21,6,0.15
1279,2020-01-21,7,0.18
1280,2020-01-21,8,0.15
1281,2020-01-21,9,0.15
1282,2020-01-21,10,0.21
1283,2020-01-21,11,0.33
1284,2020-01-21,12,0.25
1285,2020-01-21,13,0.39
1286,2020-01-21,14,0.27
1287,2020-01-21,15,0.36
1288,2020-01-21,16,0.24
1289,2020-01-21,17,0.2
1290,2020-01-21,18,0.15
1291,2020-01-21,19,0.19
1292,2020-01-21,20,0.35
1293,2020-01-21,21,0.31
1294,2020-01-21,22,0.3
1295,2020-01-21,23,0.31
1296,2020-01-22,0,0.16
1297,2020-01-22,1,0.14
1298,2020-01-22,2,0.14
1299,2020-01-22,3,0.15
1300,2020-01-22,4,0.13
1301,2020-01-22,5,0.15
1302,2020-01-22,6,0.14
1303,2020-01-22,7,0.26
1304,2020-01-22,8,0.35
1305,2020-01-22,9,0.5
1306,2020-01-22,10,0.89
1307,2020-01-22,11,2.44
1308,2020-01-22,12,0.51
1309,2020-01-22,13,0.18
1310,2020-01-22,14,0.15
1311,2020-01-22,15,0.15
1312,2020-01-22,16,0.37
1313,2020-01-22,17,0.3
1314,2020-01-22,18,0.28
1315,2020-01-22,19,0.3
1316,2020-01-22,20,0.26
1317,2020-01-22,21,0.27
1318,2020-01-22,22,0.25
1319,2020-01-22,23,0.28
1320,2020-01-23,0,0.15
1321,2020-01-23,1,0.14
1322,2020-01-23,2,0.15
1323,2020-01-23,3,0.14
1324,2020-01-23,4,0.15
1325,2020-01-23,5,0.14
1326,2020-01-23,6,0.12
1327,2020-01-23,7,0.21
1328,2020-01-23,8,0.36
1329,2020-01-23,9,0.16
1330,2020-01-23,10,0.14
1331,2020-01-23,11,0.13
1332,2020-01-23,12,1.68
1333,2020-01-23,13,0.86
1334,2020-01-23,14,0.28
1335,2020-01-23,15,0.13
1336,2020-01-23,16,0.14
1337,2020-01-23,17,0.14
1338,2020-01-23,18,0.13
1339,2020-01-23,19,0.22
1340,2020-01-23,20,0.32
1341,2020-01-23,21,0.31
1342,2020-01-23,22,0.39
1343,2020-01-23,23,0.56
1344,2020-01-24,0,0.16
1345,2020-01-24,1,0.14
1346,2020-01-24,2,0.14
1347,2020-01-24,3,0.16
1348,2020-01-24,4,0.14
1349,2020-01-24,5,0.15
1350,2020-01-24,6,0.12
1351,2020-01-24,7,0.14
1352,2020-01-24,8,0.21
1353,2020-01-24,9,0.21
1354,2020-01-24,10,0.26
1355,2020-01-24,11,0.2
1356,2020-01-24,12,0.21
1357,2020-01-24,13,0.13
1358,2020-01-24,14,0.14
1359,2020-01-24,15,0.14
1360,2020-01-24,16,0.16
1361,2020-01-24,17,0.22
1362,2020-01-24,18,0.34
1363,2020-01-24,19,0.37
1364,2020-01-24,20,0.34
1365,2020-01-24,21,0.27
1366,2020-01-24,22,0.38
1367,2020-01-24,23,0.32
1368,2020-01-25,0,0.24
1369,2020-01-25,1,0.17
1370,2020-01-25,2,0.17
1371,2020-01-25,3,0.15
1372,2020-01-25,4,0.18
1373,2020-01-25,5,0.17
1374,2020-01-25,6,0.24
1375,2020-01-25,7,0.2
1376,2020-01-25,8,0.24
1377,2020-01-25,9,0.27
1378,2020-01-25,10,0.25
1379,2020-01-25,11,0.18
1380,2020-01-25,12,0.18
1381,2020-01-25,13,0.2
1382,2020-01-25,14,0.29
1383,2020-01-25,15,0.29
1384,2020-01-25,16,0.26
1385,2020-01-25,17,0.3
1386,2020-01-25,18,0.29
1387,2020-01-25,19,0.29
1388,2020-01-25,20,0.3
1389,2020-01-25,21,0.28
1390,2020-01-25,22,0.3
1391,2020-01-25,23,0.27
1392,2020-01-26,0,0.36
1393,2020-01-26,1,0.47
1394,2020-01-26,2,0.32
1395,2020-01-26,3,0.18
1396,2020-01-26,4,0.17
1397,2020-01-26,5,0.15
1398,2020-01-26,6,0.18
1399,2020-01-26,7,0.16
1400,2020-01-26,8,0.19
1401,2020-01-26,9,0.32
1402,2020-01-26,10,0.34
1403,2020-01-26,11,0.21
1404,2020-01-26,12,0.15
1405,2020-01-26,13,0.26
1406,2020-01-26,14,0.24
1407,2020-01-26,15,0.34
1408,2020-01-26,16,0.3
1409,2020-01-26,17,0.33
1410,2020-01-26,18,0.33
1411,2020-01-26,19,0.31
1412,2020-01-26,20,0.31
1413,2020-01-26,21,0.24
1414,2020-01-26,22,0.17
1415,2020-01-26,23,0.17
1416,2020-01-27,0,0.16
1417,2020-01-27,1,0.16
1418,2020-01-27,2,0.15
1419,2020-01-27,3,0.17
1420,2020-01-27,4,0.16
1421,2020-01-27,5,0.16
1422,2020-01-27,6,0.2
1423,2020-01-27,7,0.18
1424,2020-01-27,8,0.22
1425,2020-01-27,9,0.33
1426,2020-01-27,10,0.28
1427,2020-01-27,11,0.24
1428,2020-01-27,12,0.13
1429,2020-01-27,13,0.13
1430,2020-01-27,14,0.13
1431,2020-01-27,15,0.13
1432,2020-01-27,16,0.21
1433,2020-01-27,17,0.49
1434,2020-01-27,18,0.3
1435,2020-01-27,19,0.26
1436,2020-01-27,20,0.26
1437,2020-01-27,21,0.25
1438,2020-01-27,22,0.16
1439,2020-01-27,23,0.15
1440,2020-01-28,0,0.14
1441,2020-01-28,1,0.2
1442,2020-01-28,2,0.17
1443,2020-01-28,3,0.14
1444,2020-01-28,4,0.15
1445,2020-01-28,5,0.13
1446,2020-01-28,6,0.19
1447,2020-01-28,7,0.18
1448,2020-01-28,8,0.23
1449,2020-01-28,9,0.41
1450,2020-01-28,10,0.44
1451,2020-01-28,11,0.18
1452,2020-01-28,12,0.15
1453,2020-01-28,13,0.17
1454,2020-01-28,14,0.17
1455,2020-01-28,15,0.13
1456,2020-01-28,16,0.14
1457,2020-01-28,17,0.18
1458,2020-01-28,18,0.28
1459,2020-01-28,19,0.27
1460,2020-01-28,20,0.26
1461,2020-01-28,21,0.28
1462,2020-01-28,22,0.24
1463,2020-01-28,23,0.14
1464,2020-01-29,0,0.15
1465,2020-01-29,1,0.15
1466,2020-01-29,2,0.14
1467,2020-01-29,3,0.14
1468,2020-01-29,4,0.12
1469,2020-01-29,5,0.14
1470,2020-01-29,6,0.14
1471,2020-01-29,7,0.21
1472,2020-01-29,8,0.31
1473,2020-01-29,9,0.15
1474,2020-01-29,10,0.35
1475,2020-01-29,11,0.35
1476,2020-01-29,12,0.32
1477,2020-01-29,13,0.27
1478,2020-01-29,14,0.14
1479,2020-01-29,15,0.14
1480,2020-01-29,16,0.13
1481,2020-01-29,17,0.48
1482,2020-01-29,18,0.38
1483,2020-01-29,19,0.28
1484,2020-01-29,20,1.69
1485,2020-01-29,21,0.93
1486,2020-01-29,22,0.18
1487,2020-01-29,23,0.16
1488,2020-01-30,0,0.16
1489,2020-01-30,1,0.16
1490,2020-01-30,2,0.17
1491,2020-01-30,3,0.16
1492,2020-01-30,4,0.16
1493,2020-01-30,5,0.16
1494,2020-01-30,6,0.32
1495,2020-01-30,7,0.2
1496,2020-01-30,8,0.19
1497,2020-01-30,9,0.16
1498,2020-01-30,10,0.15
1499,2020-01-30,11,0.22
1500,2020-01-30,12,0.17
1501,2020-01-30,13,0.36
1502,2020-01-30,14,0.21
1503,2020-01-30,15,0.16
1504,2020-01-30,16,0.3
1505,2020-01-30,17,0.32
1506,2020-01-30,18,0.15
1507,2020-01-30,19,0.29
1508,2020-01-30,20,0.35
1509,2020-01-30,21,0.3
1510,2020-01-30,22,0.28
1511,2020-01-30,23,0.15
1512,2020-01-31,0,0.14
1513,2020-01-31,1,0.13
1514,2020-01-31,2,0.13
1515,2020-01-31,3,0.14
1516,2020-01-31,4,0.13
1517,2020-01-31,5,0.14
1518,2020-01-31,6,0.13
1519,2020-01-31,7,0.15
1520,2020-01-31,8,0.45
1521,2020-01-31,9,0.88
1522,2020-01-31,10,2.46
1523,2020-01-31,11,0.29
1524,2020-01-31,12,0.27
1525,2020-01-31,13,0.15
1526,2020-01-31,14,0.14
1527,2020-01-31,15,0.25
1528,2020-01-31,16,0.13
1529,2020-01-31,17,0.14
1530,2020-01-31,18,0.13
1531,2020-01-31,19,0.35
1532,2020-01-31,20,0.24
1533,2020-01-31,21,0.31
1534,2020-01-31,22,0.32
1535,2020-01-31,23,0.24
1536,2020-02-01,0,0.28
1537,2020-02-01,1,0.2
1538,2020-02-01,2,0.14
1539,2020-02-01,3,0.12
1540,2020-02-01,4,0.15
1541,2020-02-01,5,0.17
1542,2020-02-01,6,0.19
1543,2020-02-01,7,0.17
1544,2020-02-01,8,0.2
1545,2020-02-01,9,0.23
1546,2020-02-01,10,0.2
1547,2020-02-01,11,0.14
1548,2020-02-01,12,0.14
1549,2020-02-01,13,0.14
1550,2020-02-01,14,0.14
1551,2020-02-01,15,0.19
1552,2020-02-01,16,0.28
1553,2020-02-01,17,0.3
1554,2020-02-01,18,0.24
1555,2020-02-01,19,0.27
1556,2020-02-01,20,0.26
1557,2020-02-01,21,0.26
1558,2020-02-01,22,0.25
1559,2020-02-01,23,0.27
1560,2020-02-02,0,0.18
1561,2020-02-02,1,0.14
1562,2020-02-02,2,0.13
1563,2020-02-02,3,0.14
1564,2020-02-02,4,0.14
1565,2020-02-02,5,0.13
1566,2020-02-02,6,0.13
1567,2020-02-02,7,0.15
1568,2020-02-02,8,0.26
1569,2020-02-02,9,0.24
1570,2020-02-02,10,0.25
1571,2020-02-02,11,0.24
1572,2020-02-02,12,0.15
1573,2020-02-02,13,0.25
1574,2020-02-02,14,0.14
1575,2020-02-02,15,0.29
1576,2020-02-02,16,0.19
1577,2020-02-02,17,0.14
1578,2020-02-02,18,0.14
1579,2020-02-02,19,0.13
1580,2020-02-02,20,0.13
1581,2020-02-02,21,0.12
1582,2020-02-02,22,0.31
1583,2020-02-02,23,0.24
1584,2020-02-03,0,0.13
1585,2020-02-03,1,0.13
1586,2020-02-03,2,0.13
1587,2020-02-03,3,0.14
1588,2020-02-03,4,0.14
1589,2020-02-03,5,0.14
1590,2020-02-03,6,0.13
1591,2020-02-03,7,0.17
1592,2020-02-03,8,0.34
1593,2020-02-03,9,0.24
1594,2020-02-03,10,0.12
1595,2020-02-03,11,0.14
1596,2020-02-03,12,0.17
1597,2020-02-03,13,0.14
1598,2020-02-03,14,0.14
1599,2020-02-03,15,0.19
1600,2020-02-03,16,0.28
1601,2020-02-03,17,0.36
1602,2020-02-03,18,0.35
1603,2020-02-03,19,0.18
1604,2020-02-03,20,0.17
1605,2020-02-03,21,0.27
1606,2020-02-03,22,0.29
1607,2020-02-03,23,0.16
1608,2020-02-04,0,0.16
1609,2020-02-04,1,0.21
1610,2020-02-04,2,0.16
1611,2020-02-04,3,0.14
1612,2020-02-04,4,0.14
1613,2020-02-04,5,0.14
1614,2020-02-04,6,0.2
1615,2020-02-04,7,0.41
1616,2020-02-04,8,0.45
1617,2020-02-04,9,0.55
1618,2020-02-04,10,0.14
1619,2020-02-04,11,0.18
1620,2020-02-04,12,0.3
1621,2020-02-04,13,0.27
1622,2020-02-04,14,0.27
1623,2020-02-04,15,0.16
1624,2020-02-04,16,0.21
1625,2020-02-04,17,0.32
1626,2020-02-04,18,0.34
1627,2020-02-04,19,0.36
1628,2020-02-04,20,0.34
1629,2020-02-04,21,0.34
1630,2020-02-04,22,0.21
1631,2020-02-04,23,0.14
1632,2020-02-05,0,0.14
1633,2020-02-05,1,0.14
1634,2020-02-05,2,0.13
1635,2020-02-05,3,0.15
1636,2020-02-05,4,0.14
1637,2020-02-05,5,0.14
1638,2020-02-05,6,0.14
1639,2020-02-05,7,0.16
1640,2020-02-05,8,0.13
1641,2020-02-05,9,0.14
1642,2020-02-05,10,0.2
1643,2020-02-05,11,0.18
1644,2020-02-05,12,0.15
1645,2020-02-05,13,0.14
1646,2020-02-05,14,0.14
1647,2020-02-05,15,0.14
1648,2020-02-05,16,0.12
1649,2020-02-05,17,0.19
1650,2020-02-05,18,0.16
1651,2020-02-05,19,0.31
1652,2020-02-05,20,0.32
1653,2020-02-05,21,0.32
1654,2020-02-05,22,0.33
1655,2020-02-05,23,0.24
1656,2020-02-06,0,0.14
1657,2020-02-06,1,0.15
1658,2020-02-06,2,0.14
1659,2020-02-06,3,0.14
1660,2020-02-06,4,0.14
1661,2020-02-06,5,0.14
1662,2020-02-06,6,0.14
1663,2020-02-06,7,0.15
1664,2020-02-06,8,0.16
1665,2020-02-06,9,0.13
1666,2020-02-06,10,0.13
1667,2020-02-06,11,0.36
1668,2020-02-06,12,1.02
1669,2020-02-06,13,1.25
1670,2020-02-06,14,0.17
1671,2020-02-06,15,0.17
1672,2020-02-06,16,0.18
1673,2020-02-06,17,0.33
1674,2020-02-06,18,0.28
1675,2020-02-06,19,0.31
1676,2020-02-06,20,0.35
1677,2020-02-06,21,0.22
1678,2020-02-06,22,0.16
1679,2020-02-06,23,0.15
1680,2020-02-07,0,0.14
1681,2020-02-07,1,0.14
1682,2020-02-07,2,0.13
1683,2020-02-07,3,0.14
1684,2020-02-07,4,0.14
1685,2020-02-07,5,0.14
1686,2020-02-07,6,0.27
1687,2020-02-07,7,0.18
1688,2020-02-07,8,0.14
1689,2020-02-07,9,0.12
1690,2020-02-07,10,0.14
1691,2020-02-07,11,0.21
1692,2020-02-07,12,0.28
1693,2020-02-07,13,0.27
1694,2020-02-07,14,0.18
1695,2020-02-07,15,0.13
1696,2020-02-07,16,0.2
1697,2020-02-07,17,0.31
1698,2020-02-07,18,0.3
1699,2020-02-07,19,0.31
1700,2020-02-07,20,0.29
1701,2020-02-07,21,0.26
1702,2020-02-07,22,0.27
1703,2020-02-07,23,0.26
1704,2020-02-08,0,0.24
1705,2020-02-08,1,0.15
1706,2020-02-08,2,0.14
1707,2020-02-08,3,0.14
1708,2020-02-08,4,0.13
1709,2020-02-08,5,0.19
1710,2020-02-08,6,0.17
1711,2020-02-08,7,0.18
1712,2020-02-08,8,0.25
1713,2020-02-08,9,0.37
1714,2020-02-08,10,0.41
1715,2020-02-08,11,0.8
1716,2020-02-08,12,1.13
1717,2020-02-08,13,0.24
1718,2020-02-08,14,0.26
1719,2020-02-08,15,0.26
1720,2020-02-08,16,0.25
1721,2020-02-08,17,0.25
1722,2020-02-08,18,0.32
1723,2020-02-08,19,0.18
1724,2020-02-08,20,0.15
1725,2020-02-08,21,0.33
1726,2020-02-08,22,0.28
1727,2020-02-08,23,0.26
1728,2020-02-09,0,0.14
1729,2020-02-09,1,0.14
1730,2020-02-09,2,0.13
1731,2020-02-09,3,0.15
1732,2020-02-09,4,0.14
1733,2020-02-09,5,0.14
1734,2020-02-09,6,0.14
1735,2020-02-09,7,0.14
1736,2020-02-09,8,0.3
1737,2020-02-09,9,0.34
1738,2020-02-09,10,0.17
1739,2020-02-09,11,0.14
1740,2020-02-09,12,0.13
1741,2020-02-09,13,0.15
1742,2020-02-09,14,0.49
1743,2020-02-09,15,0.65
1744,2020-02-09,16,0.33
1745,2020-02-09,17,0.14
1746,2020-02-09,18,0.16
1747,2020-02-09,19,0.14
1748,2020-02-09,20,0.32
1749,2020-02-09,21,0.3
1750,2020-02-09,22,0.17
1751,2020-02-09,23,0.15
1752,2020-02-10,0,0.14
1753,2020-02-10,1,0.14
1754,2020-02-10,2,0.14
1755,2020-02-10,3,0.13
1756,2020-02-10,4,0.14
1757,2020-02-10,5,0.14
1758,2020-02-10,6,0.18
1759,2020-02-10,7,0.17
1760,2020-02-10,8,0.13
1761,2020-02-10,9,0.12
1762,2020-02-10,10,0.15
1763,2020-02-10,11,0.14
1764,2020-02-10,12,0.15
1765,2020-02-10,13,0.14
1766,2020-02-10,14,0.14
1767,2020-02-10,15,0.12
1768,2020-02-10,16,0.25
1769,2020-02-10,17,0.5
1770,2020-02-10,18,0.31
1771,2020-02-10,19,0.31
1772,2020-02-10,20,0.25
1773,2020-02-10,21,0.21
1774,2020-02-10,22,0.16
1775,2020-02-10,23,0.13
1776,2020-02-11,0,0.19
1777,2020-02-11,1,0.18
1778,2020-02-11,2,0.15
1779,2020-02-11,3,0.15
1780,2020-02-11,4,0.14
1781,2020-02-11,5,0.14
1782,2020-02-11,6,0.28
1783,2020-02-11,7,0.2
1784,2020-02-11,8,0.15
1785,2020-02-11,9,0.15
1786,2020-02-11,10,0.22
1787,2020-02-11,11,0.22
1788,2020-02-11,12,0.2
1789,2020-02-11,13,0.29
1790,2020-02-11,14,0.3
1791,2020-02-11,15,0.29
1792,2020-02-11,16,0.27
1793,2020-02-11,17,0.31
1794,2020-02-11,18,0.31
1795,2020-02-11,19,0.3
1796,2020-02-11,20,0.29
1797,2020-02-11,21,0.43
1798,2020-02-11,22,0.16
1799,2020-02-11,23,0.15
1800,2020-02-12,0,0.14
1801,2020-02-12,1,0.15
1802,2020-02-12,2,0.14
1803,2020-02-12,3,0.14
1804,2020-02-12,4,0.14
1805,2020-02-12,5,0.15
1806,2020-02-12,6,0.26
1807,2020-02-12,7,0.26
1808,2020-02-12,8,0.15
1809,2020-02-12,9,0.14
1810,2020-02-12,10,0.21
1811,2020-02-12,11,0.2
1812,2020-02-12,12,0.31
1813,2020-02-12,13,0.5
1814,2020-02-12,14,0.66
1815,2020-02-12,15,0.29
1816,2020-02-12,16,0.27
1817,2020-02-12,17,0.23
1818,2020-02-12,18,0.2
1819,2020-02-12,19,0.24
1820,2020-02-12,20,0.33
1821,2020-02-12,21,0.25
1822,2020-02-12,22,0.16
1823,2020-02-12,23,0.15
1824,2020-02-13,0,0.12
1825,2020-02-13,1,0.15
1826,2020-02-13,2,0.14
1827,2020-02-13,3,0.14
1828,2020-02-13,4,0.14
1829,2020-02-13,5,0.13
1830,2020-02-13,6,0.26
1831,2020-02-13,7,0.17
1832,2020-02-13,8,0.31
1833,2020-02-13,9,0.28
1834,2020-02-13,10,0.15
1835,2020-02-13,11,2.0
1836,2020-02-13,12,0.19
1837,2020-02-13,13,0.14
1838,2020-02-13,14,0.14
1839,2020-02-13,15,0.13
1840,2020-02-13,16,0.16
1841,2020-02-13,17,0.28
1842,2020-02-13,18,0.14
1843,2020-02-13,19,0.37
1844,2020-02-13,20,0.35
1845,2020-02-13,21,0.32
1846,2020-02-13,22,0.33
1847,2020-02-13,23,0.16
1848,2020-02-14,0,0.14
1849,2020-02-14,1,0.16
1850,2020-02-14,2,0.14
1851,2020-02-14,3,0.15
1852,2020-02-14,4,0.14
1853,2020-02-14,5,0.14
1854,2020-02-14,6,0.15
1855,2020-02-14,7,0.13
1856,2020-02-14,8,0.15
1857,2020-02-14,9,0.14
1858,2020-02-14,10,0.13
1859,2020-02-14,11,0.13
1860,2020-02-14,12,0.13
1861,2020-02-14,13,0.14
1862,2020-02-14,14,0.18
1863,2020-02-14,15,0.21
1864,2020-02-14,16,0.14
1865,2020-02-14,17,0.22
1866,2020-02-14,18,0.31
1867,2020-02-14,19,0.21
1868,2020-02-14,20,0.13
1869,2020-02-14,21,0.14
1870,2020-02-14,22,0.13
1871,2020-02-14,23,0.21
1872,2020-02-15,0,0.15
1873,2020-02-15,1,0.13
1874,2020-02-15,2,0.14
1875,2020-02-15,3,0.13
1876,2020-02-15,4,0.14
1877,2020-02-15,5,0.22
1878,2020-02-15,6,0.18
1879,2020-02-15,7,0.15
1880,2020-02-15,8,0.17
1881,2020-02-15,9,0.13
1882,2020-02-15,10,0.14
1883,2020-02-15,11,0.19
1884,2020-02-15,12,0.3
1885,2020-02-15,13,0.21
1886,2020-02-15,14,0.13
1887,2020-02-15,15,0.47
1888,2020-02-15,16,0.17
1889,2020-02-15,17,2.21
1890,2020-02-15,18,0.69
1891,2020-02-15,19,0.6
1892,2020-02-15,20,0.34
1893,2020-02-15,21,0.3
1894,2020-02-15,22,0.22
1895,2020-02-15,23,0.12
1896,2020-02-16,0,0.13
1897,2020-02-16,1,0.12
1898,2020-02-16,2,0.12
1899,2020-02-16,3,0.12
1900,2020-02-16,4,0.12
1901,2020-02-16,5,0.08
1902,2020-02-16,6,0.08
1903,2020-02-16,7,0.08
1904,2020-02-16,8,0.08
1905,2020-02-16,9,0.07
1906,2020-02-16,10,0.08
1907,2020-02-16,11,0.08
1908,2020-02-16,12,0.08
1909,2020-02-16,13,0.08
1910,2020-02-16,14,0.11
1911,2020-02-16,15,0.12
1912,2020-02-16,16,0.09
1913,2020-02-16,17,0.09
1914,2020-02-16,18,0.08
1915,2020-02-16,19,0.08
1916,2020-02-16,20,0.07
1917,2020-02-16,21,0.08
1918,2020-02-16,22,0.08
1919,2020-02-16,23,0.08
1920,2020-02-17,0,0.08
1921,2020-02-17,1,0.07
1922,2020-02-17,2,0.08
1923,2020-02-17,3,0.08
1924,2020-02-17,4,0.08
1925,2020-02-17,5,0.08
1926,2020-02-17,6,0.07
1927,2020-02-17,7,0.08
1928,2020-02-17,8,0.07
1929,2020-02-17,9,0.08
1930,2020-02-17,10,0.07
1931,2020-02-17,11,0.07
1932,2020-02-17,12,0.07
1933,2020-02-17,13,0.07
1934,2020-02-17,14,0.07
1935,2020-02-17,15,0.08
1936,2020-02-17,16,0.07
1937,2020-02-17,17,0.08
1938,2020-02-17,18,0.08
1939,2020-02-17,19,0.07
1940,2020-02-17,20,0.08
1941,2020-02-17,21,0.07
1942,2020-02-17,22,0.07
1943,2020-02-17,23,0.08
1944,2020-02-18,0,0.07
1945,2020-02-18,1,0.08
1946,2020-02-18,2,0.07
1947,2020-02-18,3,0.08
1948,2020-02-18,4,0.07
1949,2020-02-18,5,0.07
1950,2020-02-18,6,0.07
1951,2020-02-18,7,0.08
1952,2020-02-18,8,0.07500000000000001
1953,2020-02-18,9,0.08
1954,2020-02-18,10,0.07
1955,2020-02-18,11,0.07
1956,2020-02-18,12,0.07
1957,2020-02-18,13,0.07
1958,2020-02-18,14,0.07
1959,2020-02-18,15,0.08
1960,2020-02-18,16,0.1
1961,2020-02-18,17,0.09
1962,2020-02-18,18,0.08
1963,2020-02-18,19,0.08
1964,2020-02-18,20,0.08
1965,2020-02-18,21,0.07
1966,2020-02-18,22,0.08
1967,2020-02-18,23,0.07
1968,2020-02-19,0,0.08
1969,2020-02-19,1,0.07
1970,2020-02-19,2,0.07
1971,2020-02-19,3,0.08
1972,2020-02-19,4,0.07
1973,2020-02-19,5,0.08
1974,2020-02-19,6,0.07
1975,2020-02-19,7,0.06
1976,2020-02-19,8,0.08
1977,2020-02-19,9,0.08
1978,2020-02-19,10,0.07
1979,2020-02-19,11,0.08
1980,2020-02-19,12,0.07
1981,2020-02-19,13,0.08
1982,2020-02-19,14,0.07
1983,2020-02-19,15,0.07
1984,2020-02-19,16,0.08
1985,2020-02-19,17,0.07
1986,2020-02-19,18,0.08
1987,2020-02-19,19,0.07
1988,2020-02-19,20,0.08
1989,2020-02-19,21,0.07
1990,2020-02-19,22,0.07
1991,2020-02-19,23,0.07
1992,2020-02-20,0,0.08
1993,2020-02-20,1,0.08
1994,2020-02-20,2,0.07
1995,2020-02-20,3,0.07
1996,2020-02-20,4,0.07
1997,2020-02-20,5,0.08
1998,2020-02-20,6,0.07
1999,2020-02-20,7,0.08
2000,2020-02-20,8,0.08
2001,2020-02-20,9,0.07
2002,2020-02-20,10,0.08
2003,2020-02-20,11,0.07
2004,2020-02-20,12,0.07
2005,2020-02-20,13,0.07
2006,2020-02-20,14,0.07
2007,2020-02-20,15,0.08
2008,2020-02-20,16,0.07
2009,2020-02-20,17,0.07
2010,2020-02-20,18,0.11
2011,2020-02-20,19,0.08
2012,2020-02-20,20,0.08
2013,2020-02-20,21,0.07
2014,2020-02-20,22,0.07
2015,2020-02-20,23,0.09
2016,2020-02-21,0,0.07
2017,2020-02-21,1,0.08
2018,2020-02-21,2,0.08
2019,2020-02-21,3,0.07
2020,2020-02-21,4,0.08
2021,2020-02-21,5,0.07
2022,2020-02-21,6,0.07
2023,2020-02-21,7,0.08
2024,2020-02-21,8,0.07
2025,2020-02-21,9,0.07
2026,2020-02-21,10,0.07
2027,2020-02-21,11,0.08
2028,2020-02-21,12,0.07
2029,2020-02-21,13,0.08
2030,2020-02-21,14,0.07
2031,2020-02-21,15,0.08
2032,2020-02-21,16,0.08
2033,2020-02-21,17,0.08
2034,2020-02-21,18,0.07
2035,2020-02-21,19,0.07
2036,2020-02-21,20,0.08
2037,2020-02-21,21,0.07
2038,2020-02-21,22,0.07
2039,2020-02-21,23,0.21
2040,2020-02-22,0,0.17
2041,2020-02-22,1,0.16
2042,2020-02-22,2,0.16
2043,2020-02-22,3,0.15
2044,2020-02-22,4,0.15
2045,2020-02-22,5,0.15
2046,2020-02-22,6,0.15
2047,2020-02-22,7,0.21
2048,2020-02-22,8,0.41
2049,2020-02-22,9,1.95
2050,2020-02-22,10,0.39
2051,2020-02-22,11,0.2
2052,2020-02-22,12,0.17
2053,2020-02-22,13,0.15
2054,2020-02-22,14,0.16
2055,2020-02-22,15,1.17
2056,2020-02-22,16,1.84
2057,2020-02-22,17,0.32
2058,2020-02-22,18,0.14
2059,2020-02-22,19,0.13
2060,2020-02-22,20,0.14
2061,2020-02-22,21,0.15
2062,2020-02-22,22,0.16
2063,2020-02-22,23,0.22
2064,2020-02-23,0,0.23
2065,2020-02-23,1,0.14
2066,2020-02-23,2,0.14
2067,2020-02-23,3,0.13
2068,2020-02-23,4,0.14
2069,2020-02-23,5,0.12
2070,2020-02-23,6,0.14
2071,2020-02-23,7,0.15
2072,2020-02-23,8,0.16
2073,2020-02-23,9,0.28
2074,2020-02-23,10,0.28
2075,2020-02-23,11,0.21
2076,2020-02-23,12,0.3
2077,2020-02-23,13,0.29
2078,2020-02-23,14,0.28
2079,2020-02-23,15,0.27
2080,2020-02-23,16,0.84
2081,2020-02-23,17,2.03
2082,2020-02-23,18,0.5
2083,2020-02-23,19,0.34
2084,2020-02-23,20,0.33
2085,2020-02-23,21,0.32
2086,2020-02-23,22,0.27
2087,2020-02-23,23,0.14
2088,2020-02-24,0,0.14
2089,2020-02-24,1,0.12
2090,2020-02-24,2,0.14
2091,2020-02-24,3,0.14
2092,2020-02-24,4,0.13
2093,2020-02-24,5,0.13
2094,2020-02-24,6,0.13
2095,2020-02-24,7,0.25
2096,2020-02-24,8,0.29
2097,2020-02-24,9,0.27
2098,2020-02-24,10,0.27
2099,2020-02-24,11,0.26
2100,2020-02-24,12,0.25
2101,2020-02-24,13,0.21
2102,2020-02-24,14,0.12
2103,2020-02-24,15,0.28
2104,2020-02-24,16,0.29
2105,2020-02-24,17,0.19
2106,2020-02-24,18,0.28
2107,2020-02-24,19,0.31
2108,2020-02-24,20,0.21
2109,2020-02-24,21,0.13
2110,2020-02-24,22,0.15
2111,2020-02-24,23,0.3
2112,2020-02-25,0,0.31
2113,2020-02-25,1,0.15
2114,2020-02-25,2,0.14
2115,2020-02-25,3,0.21
2116,2020-02-25,4,0.17
2117,2020-02-25,5,0.13
2118,2020-02-25,6,0.15
2119,2020-02-25,7,0.33
2120,2020-02-25,8,0.32
2121,2020-02-25,9,0.28
2122,2020-02-25,10,0.27
2123,2020-02-25,11,0.26
2124,2020-02-25,12,0.26
2125,2020-02-25,13,0.27
2126,2020-02-25,14,0.24
2127,2020-02-25,15,0.28
2128,2020-02-25,16,0.28
2129,2020-02-25,17,0.45
2130,2020-02-25,18,0.56
2131,2020-02-25,19,0.5
2132,2020-02-25,20,0.32
2133,2020-02-25,21,0.29
2134,2020-02-25,22,0.27
2135,2020-02-25,23,0.14
2136,2020-02-26,0,0.14
2137,2020-02-26,1,0.13
2138,2020-02-26,2,0.14
2139,2020-02-26,3,0.14
2140,2020-02-26,4,0.13
2141,2020-02-26,5,0.13
2142,2020-02-26,6,0.13
2143,2020-02-26,7,0.27
2144,2020-02-26,8,0.29
2145,2020-02-26,9,0.24
2146,2020-02-26,10,0.25
2147,2020-02-26,11,0.27
2148,2020-02-26,12,0.29
2149,2020-02-26,13,0.29
2150,2020-02-26,14,0.32
2151,2020-02-26,15,0.24
2152,2020-02-26,16,0.29
2153,2020-02-26,17,0.3
2154,2020-02-26,18,0.3
2155,2020-02-26,19,0.21
2156,2020-02-26,20,0.31
2157,2020-02-26,21,0.31
2158,2020-02-26,22,0.3
2159,2020-02-26,23,0.15
2160,2020-02-27,0,0.14
2161,2020-02-27,1,0.14
2162,2020-02-27,2,0.14
2163,2020-02-27,3,0.12
2164,2020-02-27,4,0.14
2165,2020-02-27,5,0.14
2166,2020-02-27,6,0.17
2167,2020-02-27,7,0.14
2168,2020-02-27,8,0.13
2169,2020-02-27,9,0.13
2170,2020-02-27,10,0.13
2171,2020-02-27,11,0.14
2172,2020-02-27,12,0.13
2173,2020-02-27,13,0.14
2174,2020-02-27,14,0.13
2175,2020-02-27,15,0.14
2176,2020-02-27,16,0.17
2177,2020-02-27,17,0.31
2178,2020-02-27,18,0.27
2179,2020-02-27,19,0.27
2180,2020-02-27,20,0.26
2181,2020-02-27,21,0.26
2182,2020-02-27,22,0.2
2183,2020-02-27,23,0.17
2184,2020-02-28,0,0.15
2185,2020-02-28,1,0.14
2186,2020-02-28,2,0.14
2187,2020-02-28,3,0.14
2188,2020-02-28,4,0.13
2189,2020-02-28,5,0.15
2190,2020-02-28,6,0.14
2191,2020-02-28,7,0.17
2192,2020-02-28,8,0.13
2193,2020-02-28,9,0.13
2194,2020-02-28,10,0.13
2195,2020-02-28,11,0.12
2196,2020-02-28,12,0.18
2197,2020-02-28,13,0.27
2198,2020-02-28,14,0.3
2199,2020-02-28,15,0.31
2200,2020-02-28,16,0.32
2201,2020-02-28,17,0.27
2202,2020-02-28,18,0.24
2203,2020-02-28,19,0.25
2204,2020-02-28,20,0.25
2205,2020-02-28,21,0.26
2206,2020-02-28,22,0.14
2207,2020-02-28,23,0.14
2208,2020-02-29,0,0.14
2209,2020-02-29,1,0.14
2210,2020-02-29,2,0.13
2211,2020-02-29,3,0.14
2212,2020-02-29,4,0.14
2213,2020-02-29,5,0.14
2214,2020-02-29,6,0.15
2215,2020-02-29,7,0.24
2216,2020-02-29,8,0.23
2217,2020-02-29,9,0.16
2218,2020-02-29,10,0.14
2219,2020-02-29,11,0.14
2220,2020-02-29,12,0.14
2221,2020-02-29,13,0.14
2222,2020-02-29,14,0.14
2223,2020-02-29,15,0.16
2224,2020-02-29,16,0.3
2225,2020-02-29,17,0.31
2226,2020-02-29,18,0.3
2227,2020-02-29,19,0.24
2228,2020-02-29,20,0.25
2229,2020-02-29,21,0.19
2230,2020-02-29,22,0.15
2231,2020-02-29,23,0.13
2232,2020-03-01,0,0.15
2233,2020-03-01,1,0.17
2234,2020-03-01,2,0.14
2235,2020-03-01,3,0.14
2236,2020-03-01,4,0.14
2237,2020-03-01,5,0.13
2238,2020-03-01,6,0.13
2239,2020-03-01,7,0.13
2240,2020-03-01,8,0.14
2241,2020-03-01,9,0.22
2242,2020-03-01,10,0.29
2243,2020-03-01,11,0.28
2244,2020-03-01,12,0.32
2245,2020-03-01,13,0.22
2246,2020-03-01,14,0.21
2247,2020-03-01,15,0.24
2248,2020-03-01,16,0.21
2249,2020-03-01,17,0.27
2250,2020-03-01,18,0.33
2251,2020-03-01,19,0.3
2252,2020-03-01,20,0.3
2253,2020-03-01,21,0.29
2254,2020-03-01,22,0.18
2255,2020-03-01,23,0.15
2256,2020-03-02,0,0.14
2257,2020-03-02,1,0.14
2258,2020-03-02,2,0.13
2259,2020-03-02,3,0.13
2260,2020-03-02,4,0.14
2261,2020-03-02,5,0.12
2262,2020-03-02,6,0.16
2263,2020-03-02,7,0.32
2264,2020-03-02,8,0.2
2265,2020-03-02,9,0.14
2266,2020-03-02,10,0.14
2267,2020-03-02,11,0.14
2268,2020-03-02,12,0.13
2269,2020-03-02,13,0.29
2270,2020-03-02,14,0.17
2271,2020-03-02,15,0.14
2272,2020-03-02,16,0.13
2273,2020-03-02,17,0.28
2274,2020-03-02,18,0.6
2275,2020-03-02,19,2.11
2276,2020-03-02,20,0.6
2277,2020-03-02,21,0.28
2278,2020-03-02,22,0.14
2279,2020-03-02,23,0.14
2280,2020-03-03,0,0.13
2281,2020-03-03,1,0.14
2282,2020-03-03,2,0.13
2283,2020-03-03,3,0.2
2284,2020-03-03,4,0.16
2285,2020-03-03,5,0.14
2286,2020-03-03,6,0.14
2287,2020-03-03,7,0.3
2288,2020-03-03,8,0.43
2289,2020-03-03,9,0.54
2290,2020-03-03,10,0.53
2291,2020-03-03,11,0.23
2292,2020-03-03,12,1.58
2293,2020-03-03,13,1.16
2294,2020-03-03,14,0.49
2295,2020-03-03,15,0.31
2296,2020-03-03,16,0.7
2297,2020-03-03,17,1.93
2298,2020-03-03,18,0.29
2299,2020-03-03,19,0.25
2300,2020-03-03,20,0.25
2301,2020-03-03,21,0.22
2302,2020-03-03,22,0.16
2303,2020-03-03,23,0.13
2304,2020-03-04,0,0.14
2305,2020-03-04,1,0.14
2306,2020-03-04,2,0.14
2307,2020-03-04,3,0.13
2308,2020-03-04,4,0.14
2309,2020-03-04,5,0.12
2310,2020-03-04,6,0.15
2311,2020-03-04,7,0.19
2312,2020-03-04,8,0.13
2313,2020-03-04,9,0.14
2314,2020-03-04,10,0.13
2315,2020-03-04,11,0.13
2316,2020-03-04,12,0.28
2317,2020-03-04,13,0.27
2318,2020-03-04,14,0.23
2319,2020-03-04,15,0.22
2320,2020-03-04,16,0.14
2321,2020-03-04,17,0.14
2322,2020-03-04,18,0.14
2323,2020-03-04,19,0.29
2324,2020-03-04,20,0.31
2325,2020-03-04,21,0.27
2326,2020-03-04,22,0.15
2327,2020-03-04,23,0.14
2328,2020-03-05,0,0.13
2329,2020-03-05,1,0.13
2330,2020-03-05,2,0.14
2331,2020-03-05,3,0.14
2332,2020-03-05,4,0.13
2333,2020-03-05,5,0.14
2334,2020-03-05,6,0.25
2335,2020-03-05,7,0.13
2336,2020-03-05,8,0.12
2337,2020-03-05,9,0.14
2338,2020-03-05,10,0.33
2339,2020-03-05,11,0.71
2340,2020-03-05,12,1.15
2341,2020-03-05,13,0.24
2342,2020-03-05,14,0.15
2343,2020-03-05,15,0.16
2344,2020-03-05,16,0.16
2345,2020-03-05,17,0.24
2346,2020-03-05,18,0.34
2347,2020-03-05,19,0.38
2348,2020-03-05,20,0.66
2349,2020-03-05,21,0.35
2350,2020-03-05,22,0.23
2351,2020-03-05,23,0.17
2352,2020-03-06,0,0.15
2353,2020-03-06,1,0.15
2354,2020-03-06,2,0.15
2355,2020-03-06,3,0.15
2356,2020-03-06,4,0.15
2357,2020-03-06,5,0.14
2358,2020-03-06,6,0.19
2359,2020-03-06,7,0.16
2360,2020-03-06,8,0.14
2361,2020-03-06,9,0.14
2362,2020-03-06,10,0.14
2363,2020-03-06,11,0.14
2364,2020-03-06,12,0.14
2365,2020-03-06,13,0.19
2366,2020-03-06,14,0.14
2367,2020-03-06,15,0.13
2368,2020-03-06,16,0.19
2369,2020-03-06,17,0.27
2370,2020-03-06,18,0.29
2371,2020-03-06,19,0.29
2372,2020-03-06,20,0.26
2373,2020-03-06,21,0.26
2374,2020-03-06,22,0.34
2375,2020-03-06,23,0.16
2376,2020-03-07,0,0.14
2377,2020-03-07,1,0.14
2378,2020-03-07,2,0.13
2379,2020-03-07,3,0.14
2380,2020-03-07,4,0.13
2381,2020-03-07,5,0.14
2382,2020-03-07,6,0.21
2383,2020-03-07,7,0.34
2384,2020-03-07,8,0.36
2385,2020-03-07,9,0.28
2386,2020-03-07,10,0.14
2387,2020-03-07,11,0.15
2388,2020-03-07,12,0.13
2389,2020-03-07,13,0.58
2390,2020-03-07,14,0.63
2391,2020-03-07,15,2.0
2392,2020-03-07,16,0.19
2393,2020-03-07,17,0.16
2394,2020-03-07,18,0.16
2395,2020-03-07,19,0.22
2396,2020-03-07,20,0.31
2397,2020-03-07,21,0.29
2398,2020-03-07,22,0.22
2399,2020-03-07,23,0.14
2400,2020-03-08,0,0.14
2401,2020-03-08,1,0.15
2402,2020-03-08,3,0.13
2403,2020-03-08,4,0.15
2404,2020-03-08,5,0.14
2405,2020-03-08,6,0.14
2406,2020-03-08,7,0.33
2407,2020-03-08,8,0.32
2408,2020-03-08,9,0.38
2409,2020-03-08,10,0.43
2410,2020-03-08,11,0.31
2411,2020-03-08,12,0.15
2412,2020-03-08,13,0.14
2413,2020-03-08,14,0.15
2414,2020-03-08,15,0.13
2415,2020-03-08,16,0.18
2416,2020-03-08,17,0.31
2417,2020-03-08,18,0.39
2418,2020-03-08,19,0.35
2419,2020-03-08,20,0.34
2420,2020-03-08,21,0.47
2421,2020-03-08,22,0.53
2422,2020-03-08,23,0.34
2423,2020-03-09,0,0.15
2424,2020-03-09,1,0.15
2425,2020-03-09,2,0.14
2426,2020-03-09,3,0.15
2427,2020-03-09,4,0.13
2428,2020-03-09,5,0.14
2429,2020-03-09,6,0.33
2430,2020-03-09,7,0.17
2431,2020-03-09,8,0.16
2432,2020-03-09,9,0.18
2433,2020-03-09,10,0.14
2434,2020-03-09,11,0.14
2435,2020-03-09,12,0.12
2436,2020-03-09,13,0.19
2437,2020-03-09,14,0.17
2438,2020-03-09,15,0.14
2439,2020-03-09,16,0.14
2440,2020-03-09,17,0.26
2441,2020-03-09,18,0.26
2442,2020-03-09,19,0.345
2443,2020-03-09,20,0.3
2444,2020-03-09,21,0.43
2445,2020-03-09,22,0.54
2446,2020-03-09,23,0.22
2447,2020-03-10,0,0.16
2448,2020-03-10,1,0.15
2449,2020-03-10,2,0.16
2450,2020-03-10,3,0.21
2451,2020-03-10,4,0.2
2452,2020-03-10,5,0.17
2453,2020-03-10,6,0.17
2454,2020-03-10,7,0.19
2455,2020-03-10,8,0.16
2456,2020-03-10,9,0.16
2457,2020-03-10,10,0.16
2458,2020-03-10,11,0.16
2459,2020-03-10,12,0.16
2460,2020-03-10,13,0.28
2461,2020-03-10,14,0.27
2462,2020-03-10,15,0.15
2463,2020-03-10,16,0.28
2464,2020-03-10,17,0.28
2465,2020-03-10,18,0.42
2466,2020-03-10,19,0.34
2467,2020-03-10,20,0.33
2468,2020-03-10,21,0.26
2469,2020-03-10,22,0.14
2470,2020-03-10,23,0.14
2471,2020-03-11,0,0.14
2472,2020-03-11,1,0.14
2473,2020-03-11,2,0.14
2474,2020-03-11,3,0.14
2475,2020-03-11,4,0.12
2476,2020-03-11,5,0.14
2477,2020-03-11,6,0.27
2478,2020-03-11,7,0.17
2479,2020-03-11,8,0.14
2480,2020-03-11,9,0.14
2481,2020-03-11,10,0.14
2482,2020-03-11,11,0.13
2483,2020-03-11,12,0.26
2484,2020-03-11,13,0.36
2485,2020-03-11,14,0.19
2486,2020-03-11,15,0.14
2487,2020-03-11,16,0.16
2488,2020-03-11,17,0.14
2489,2020-03-11,18,0.29
2490,2020-03-11,19,0.3
2491,2020-03-11,20,0.33
2492,2020-03-11,21,0.29
2493,2020-03-11,22,0.15
2494,2020-03-11,23,0.14
2495,2020-03-12,0,0.14
2496,2020-03-12,1,0.14
2497,2020-03-12,2,0.13
2498,2020-03-12,3,0.14
2499,2020-03-12,4,0.13
2500,2020-03-12,5,0.14
2501,2020-03-12,6,0.23
2502,2020-03-12,7,0.17
2503,2020-03-12,8,0.13
2504,2020-03-12,9,0.14
2505,2020-03-12,10,0.14
2506,2020-03-12,11,0.28
2507,2020-03-12,12,0.22
2508,2020-03-12,13,0.15
2509,2020-03-12,14,0.14
2510,2020-03-12,15,0.14
2511,2020-03-12,16,0.13
2512,2020-03-12,17,0.2
2513,2020-03-12,18,0.61
2514,2020-03-12,19,2.23
2515,2020-03-12,20,0.62
2516,2020-03-12,21,0.49
2517,2020-03-12,22,0.32
2518,2020-03-12,23,0.19
2519,2020-03-13,0,0.17
2520,2020-03-13,1,0.14
2521,2020-03-13,2,0.15
2522,2020-03-13,3,0.15
2523,2020-03-13,4,0.15
2524,2020-03-13,5,0.14
2525,2020-03-13,6,0.18
2526,2020-03-13,7,0.18
2527,2020-03-13,8,0.29
2528,2020-03-13,9,0.22
2529,2020-03-13,10,0.15
2530,2020-03-13,11,0.15
2531,2020-03-13,12,0.24
2532,2020-03-13,13,0.25
2533,2020-03-13,14,0.16
2534,2020-03-13,15,0.16
2535,2020-03-13,16,0.27
2536,2020-03-13,17,0.21
2537,2020-03-13,18,0.14
2538,2020-03-13,19,0.45
2539,2020-03-13,20,0.66
2540,2020-03-13,21,0.59
2541,2020-03-13,22,0.3
2542,2020-03-13,23,0.15
2543,2020-03-14,0,0.15
2544,2020-03-14,1,0.15
2545,2020-03-14,2,0.14
2546,2020-03-14,3,0.14
2547,2020-03-14,4,0.13
2548,2020-03-14,5,0.15
2549,2020-03-14,6,0.14
2550,2020-03-14,7,0.39
2551,2020-03-14,8,0.75
2552,2020-03-14,9,0.32
2553,2020-03-14,10,0.15
2554,2020-03-14,11,0.14
2555,2020-03-14,12,0.16
2556,2020-03-14,13,2.04
2557,2020-03-14,14,0.82
2558,2020-03-14,15,0.4
2559,2020-03-14,16,0.18
2560,2020-03-14,17,0.15
2561,2020-03-14,18,0.26
2562,2020-03-14,19,0.31
2563,2020-03-14,20,0.32
2564,2020-03-14,21,0.32
2565,2020-03-14,22,0.31
2566,2020-03-14,23,0.22
2567,2020-03-15,0,0.16
2568,2020-03-15,1,0.15
2569,2020-03-15,2,0.14
2570,2020-03-15,3,0.15
2571,2020-03-15,4,0.14
2572,2020-03-15,5,0.15
2573,2020-03-15,6,0.14
2574,2020-03-15,7,0.35
2575,2020-03-15,8,0.69
2576,2020-03-15,9,0.72
2577,2020-03-15,10,0.15
2578,2020-03-15,11,0.14
2579,2020-03-15,12,0.14
2580,2020-03-15,13,0.15
2581,2020-03-15,14,0.21
2582,2020-03-15,15,0.15
2583,2020-03-15,16,0.21
2584,2020-03-15,17,0.4
2585,2020-03-15,18,0.37
2586,2020-03-15,19,0.32
2587,2020-03-15,20,0.33
2588,2020-03-15,21,0.31
2589,2020-03-15,22,0.26
2590,2020-03-15,23,0.195
2591,2020-03-16,0,0.15
2592,2020-03-16,1,0.14
2593,2020-03-16,2,0.14
2594,2020-03-16,3,0.14
2595,2020-03-16,4,0.14
2596,2020-03-16,5,0.13
2597,2020-03-16,6,0.15
2598,2020-03-16,7,0.28
2599,2020-03-16,8,0.41
2600,2020-03-16,9,0.15
2601,2020-03-16,10,0.14
2602,2020-03-16,11,0.22
2603,2020-03-16,12,0.15
2604,2020-03-16,13,0.4
2605,2020-03-16,14,0.44
2606,2020-03-16,15,0.15
2607,2020-03-16,16,0.22
2608,2020-03-16,17,0.15
2609,2020-03-16,18,0.31
2610,2020-03-16,19,0.3
2611,2020-03-16,20,0.3
2612,2020-03-16,21,0.3
2613,2020-03-16,22,0.33
2614,2020-03-16,23,0.17
2615,2020-03-17,0,0.14
2616,2020-03-17,1,0.14
2617,2020-03-17,2,0.14
2618,2020-03-17,3,0.2
2619,2020-03-17,4,0.17
2620,2020-03-17,5,0.15
2621,2020-03-17,6,0.15
2622,2020-03-17,7,0.53
2623,2020-03-17,8,1.63
2624,2020-03-17,9,0.37
2625,2020-03-17,10,0.45
2626,2020-03-17,11,0.28
2627,2020-03-17,12,0.13
2628,2020-03-17,13,0.39
2629,2020-03-17,14,0.23
2630,2020-03-17,15,0.26
2631,2020-03-17,16,0.27
2632,2020-03-17,17,0.3
2633,2020-03-17,18,0.32
2634,2020-03-17,19,0.34
2635,2020-03-17,20,0.32
2636,2020-03-17,21,0.28
2637,2020-03-17,22,0.35
2638,2020-03-17,23,0.2
2639,2020-03-18,0,0.13
2640,2020-03-18,1,0.14
2641,2020-03-18,2,0.15
2642,2020-03-18,3,0.14
2643,2020-03-18,4,0.14
2644,2020-03-18,5,0.14
2645,2020-03-18,6,0.14
2646,2020-03-18,7,0.24
2647,2020-03-18,8,0.79
2648,2020-03-18,9,0.21
2649,2020-03-18,10,0.14
2650,2020-03-18,11,0.16
2651,2020-03-18,12,0.18
2652,2020-03-18,13,0.19
2653,2020-03-18,14,0.32
2654,2020-03-18,15,0.28
2655,2020-03-18,16,0.34
2656,2020-03-18,17,0.38
2657,2020-03-18,18,0.69
2658,2020-03-18,19,0.76
2659,2020-03-18,20,0.54
2660,2020-03-18,21,0.33
2661,2020-03-18,22,1.35
2662,2020-03-18,23,0.35
2663,2020-03-19,0,0.23
2664,2020-03-19,1,0.16
2665,2020-03-19,2,0.16
2666,2020-03-19,3,0.16
2667,2020-03-19,4,0.14
2668,2020-03-19,5,0.15
2669,2020-03-19,6,0.15
2670,2020-03-19,7,0.41
2671,2020-03-19,8,0.57
2672,2020-03-19,9,0.33
2673,2020-03-19,10,0.25
2674,2020-03-19,11,0.14
2675,2020-03-19,12,0.14
2676,2020-03-19,13,0.16
2677,2020-03-19,14,0.25
2678,2020-03-19,15,0.32
2679,2020-03-19,16,0.31
2680,2020-03-19,17,0.33
2681,2020-03-19,18,0.35
2682,2020-03-19,19,0.35
2683,2020-03-19,20,0.34
2684,2020-03-19,21,0.37
2685,2020-03-19,22,0.38
2686,2020-03-19,23,0.22
2687,2020-03-20,0,0.2
2688,2020-03-20,1,0.17
2689,2020-03-20,2,0.17
2690,2020-03-20,3,0.17
2691,2020-03-20,4,0.16
2692,2020-03-20,5,0.17
2693,2020-03-20,6,0.17
2694,2020-03-20,7,0.24
2695,2020-03-20,8,0.7
2696,2020-03-20,9,0.62
2697,2020-03-20,10,0.76
2698,2020-03-20,11,0.33
2699,2020-03-20,12,0.14
2700,2020-03-20,13,0.23
2701,2020-03-20,14,0.15
2702,2020-03-20,15,0.15
2703,2020-03-20,16,0.31
2704,2020-03-20,17,0.42
2705,2020-03-20,18,0.47
2706,2020-03-20,19,0.29
2707,2020-03-20,20,0.52
2708,2020-03-20,21,0.7
2709,2020-03-20,22,0.29
2710,2020-03-20,23,0.16
2711,2020-03-21,0,0.16
2712,2020-03-21,1,0.17
2713,2020-03-21,2,0.15
2714,2020-03-21,3,0.14
2715,2020-03-21,4,0.15
2716,2020-03-21,5,0.13
2717,2020-03-21,6,0.15
2718,2020-03-21,7,0.42
2719,2020-03-21,8,0.73
2720,2020-03-21,9,0.71
2721,2020-03-21,10,0.36
2722,2020-03-21,11,0.15
2723,2020-03-21,12,0.14
2724,2020-03-21,13,0.7
2725,2020-03-21,14,1.47
2726,2020-03-21,15,0.25
2727,2020-03-21,16,0.25
2728,2020-03-21,17,0.41
2729,2020-03-21,18,0.3
2730,2020-03-21,19,0.31
2731,2020-03-21,20,0.34
2732,2020-03-21,21,0.29
2733,2020-03-21,22,0.29
2734,2020-03-21,23,0.24
2735,2020-03-22,0,0.16
2736,2020-03-22,1,0.14
2737,2020-03-22,2,0.15
2738,2020-03-22,3,0.14
2739,2020-03-22,4,0.15
2740,2020-03-22,5,0.14
2741,2020-03-22,6,0.14
2742,2020-03-22,7,0.59
2743,2020-03-22,8,0.38
2744,2020-03-22,9,0.57
2745,2020-03-22,10,0.62
2746,2020-03-22,11,0.25
2747,2020-03-22,12,0.2
2748,2020-03-22,13,0.19
2749,2020-03-22,14,0.18
2750,2020-03-22,15,0.14
2751,2020-03-22,16,0.17
2752,2020-03-22,17,0.36
2753,2020-03-22,18,0.39
2754,2020-03-22,19,0.36
2755,2020-03-22,20,0.27
2756,2020-03-22,21,0.28
2757,2020-03-22,22,0.3
2758,2020-03-22,23,0.19
2759,2020-03-23,0,0.13
2760,2020-03-23,1,0.15
2761,2020-03-23,2,0.15
2762,2020-03-23,3,0.14
2763,2020-03-23,4,0.14
2764,2020-03-23,5,0.28
2765,2020-03-23,6,0.24
2766,2020-03-23,7,0.15
2767,2020-03-23,8,0.22
2768,2020-03-23,9,0.46
2769,2020-03-23,10,1.67
2770,2020-03-23,11,1.57
2771,2020-03-23,12,0.33
2772,2020-03-23,13,0.14
2773,2020-03-23,14,0.25
2774,2020-03-23,15,0.25
2775,2020-03-23,16,0.27
2776,2020-03-23,17,0.4
2777,2020-03-23,18,0.25
2778,2020-03-23,19,0.26
2779,2020-03-23,20,0.29
2780,2020-03-23,21,0.3
2781,2020-03-23,22,0.26
2782,2020-03-23,23,0.15
2783,2020-03-24,0,0.16
2784,2020-03-24,1,0.16
2785,2020-03-24,2,0.16
2786,2020-03-24,3,0.22
2787,2020-03-24,4,0.19
2788,2020-03-24,5,0.16
2789,2020-03-24,6,0.16
2790,2020-03-24,7,0.15
2791,2020-03-24,8,0.42
2792,2020-03-24,9,0.45
2793,2020-03-24,10,0.26
2794,2020-03-24,11,1.4
2795,2020-03-24,12,1.61
2796,2020-03-24,13,1.73
2797,2020-03-24,14,1.44
2798,2020-03-24,15,1.1
2799,2020-03-24,16,0.42
2800,2020-03-24,17,0.65
2801,2020-03-24,18,0.24
2802,2020-03-24,19,0.29
2803,2020-03-24,20,0.33
2804,2020-03-24,21,0.18
2805,2020-03-24,22,0.32
2806,2020-03-24,23,0.26
2807,2020-03-25,0,0.16
2808,2020-03-25,1,0.15
2809,2020-03-25,2,0.14
2810,2020-03-25,3,0.13
2811,2020-03-25,4,0.14
2812,2020-03-25,5,0.14
2813,2020-03-25,6,0.14
2814,2020-03-25,7,0.19
2815,2020-03-25,8,0.25
2816,2020-03-25,9,0.14
2817,2020-03-25,10,0.14
2818,2020-03-25,11,0.16
2819,2020-03-25,12,0.19
2820,2020-03-25,13,0.31
2821,2020-03-25,14,0.18
2822,2020-03-25,15,0.27
2823,2020-03-25,16,0.37
2824,2020-03-25,17,0.34
2825,2020-03-25,18,0.29
2826,2020-03-25,19,0.3
2827,2020-03-25,20,0.3
2828,2020-03-25,21,0.31
2829,2020-03-25,22,0.31
2830,2020-03-25,23,0.21
2831,2020-03-26,0,0.15
2832,2020-03-26,1,0.14
2833,2020-03-26,2,0.15
2834,2020-03-26,3,0.14
2835,2020-03-26,4,0.16
2836,2020-03-26,5,0.16
2837,2020-03-26,6,0.15
2838,2020-03-26,7,0.24
2839,2020-03-26,8,0.37
2840,2020-03-26,9,0.33
2841,2020-03-26,10,0.17
2842,2020-03-26,11,0.49
2843,2020-03-26,12,0.25
2844,2020-03-26,13,0.15
2845,2020-03-26,14,0.2
2846,2020-03-26,15,0.41
2847,2020-03-26,16,0.36
2848,2020-03-26,17,0.33
2849,2020-03-26,18,0.29
2850,2020-03-26,19,0.31
2851,2020-03-26,20,0.31
2852,2020-03-26,21,0.27
2853,2020-03-26,22,0.37
2854,2020-03-26,23,0.35
2855,2020-03-27,0,0.18
2856,2020-03-27,1,0.16
2857,2020-03-27,2,0.17
2858,2020-03-27,3,0.17
2859,2020-03-27,4,0.15
2860,2020-03-27,5,0.16
2861,2020-03-27,6,0.16
2862,2020-03-27,7,0.18
2863,2020-03-27,8,0.23
2864,2020-03-27,9,0.22
2865,2020-03-27,10,0.17
2866,2020-03-27,11,0.24
2867,2020-03-27,12,0.21
2868,2020-03-27,13,0.19
2869,2020-03-27,14,0.32
2870,2020-03-27,15,0.29
2871,2020-03-27,16,0.38
2872,2020-03-27,17,0.31
2873,2020-03-27,18,0.29
2874,2020-03-27,19,0.44
2875,2020-03-27,20,0.56
2876,2020-03-27,21,0.44
2877,2020-03-27,22,0.31
2878,2020-03-27,23,0.16
2879,2020-03-28,0,0.13
2880,2020-03-28,1,0.15
2881,2020-03-28,2,0.14
2882,2020-03-28,3,0.14
2883,2020-03-28,4,0.14
2884,2020-03-28,5,0.14
2885,2020-03-28,6,0.13
2886,2020-03-28,7,0.18
2887,2020-03-28,8,0.39
2888,2020-03-28,9,0.43
2889,2020-03-28,10,0.29
2890,2020-03-28,11,0.23
2891,2020-03-28,12,0.28
2892,2020-03-28,13,0.27
2893,2020-03-28,14,0.24
2894,2020-03-28,15,0.18
2895,2020-03-28,16,0.15
2896,2020-03-28,17,0.18
2897,2020-03-28,18,0.18
2898,2020-03-28,19,0.21
2899,2020-03-28,20,0.21
2900,2020-03-28,21,0.3
2901,2020-03-28,22,0.25
2902,2020-03-28,23,0.2
2903,2020-03-29,0,0.15
2904,2020-03-29,1,0.14
2905,2020-03-29,2,0.14
2906,2020-03-29,3,0.14
2907,2020-03-29,4,0.14
2908,2020-03-29,5,0.15
2909,2020-03-29,6,0.12
2910,2020-03-29,7,0.23
2911,2020-03-29,8,0.43
2912,2020-03-29,9,0.51
2913,2020-03-29,10,1.84
2914,2020-03-29,11,1.55
2915,2020-03-29,12,0.24
2916,2020-03-29,13,0.29
2917,2020-03-29,14,0.21
2918,2020-03-29,15,0.25
2919,2020-03-29,16,0.16
2920,2020-03-29,17,0.19
2921,2020-03-29,18,0.28
2922,2020-03-29,19,0.29
2923,2020-03-29,20,0.21
2924,2020-03-29,21,0.23
2925,2020-03-29,22,0.23
2926,2020-03-29,23,0.21
2927,2020-03-30,0,0.17
2928,2020-03-30,1,0.14
2929,2020-03-30,2,0.15
2930,2020-03-30,3,0.14
2931,2020-03-30,4,0.15
2932,2020-03-30,5,0.14
2933,2020-03-30,6,0.14
2934,2020-03-30,7,0.27
2935,2020-03-30,8,0.14
2936,2020-03-30,9,0.13
2937,2020-03-30,10,0.14
2938,2020-03-30,11,0.26
2939,2020-03-30,12,0.25
2940,2020-03-30,13,0.22
2941,2020-03-30,14,0.14
2942,2020-03-30,15,0.14
2943,2020-03-30,16,0.3
2944,2020-03-30,17,0.28
2945,2020-03-30,18,0.17
2946,2020-03-30,19,0.33
2947,2020-03-30,20,0.44
2948,2020-03-30,21,0.66
2949,2020-03-30,22,0.28
2950,2020-03-30,23,0.15
2951,2020-03-31,0,0.15
2952,2020-03-31,1,0.14
2953,2020-03-31,2,0.14
2954,2020-03-31,3,0.2
2955,2020-03-31,4,0.17
2956,2020-03-31,5,0.14
2957,2020-03-31,6,0.14
2958,2020-03-31,7,0.26
2959,2020-03-31,8,0.31
2960,2020-03-31,9,0.2
2961,2020-03-31,10,0.19
2962,2020-03-31,11,0.14
2963,2020-03-31,12,0.21
2964,2020-03-31,13,0.14
2965,2020-03-31,14,0.15
2966,2020-03-31,15,0.2
2967,2020-03-31,16,0.33
2968,2020-03-31,17,0.32
2969,2020-03-31,18,0.27
2970,2020-03-31,19,0.19
2971,2020-03-31,20,0.33
2972,2020-03-31,21,0.25
2973,2020-03-31,22,0.22
2974,2020-03-31,23,0.17
2975,2020-04-01,0,0.14
2976,2020-04-01,1,0.12
2977,2020-04-01,2,0.15
2978,2020-04-01,3,0.14
2979,2020-04-01,4,0.14
2980,2020-04-01,5,0.14
2981,2020-04-01,6,0.14
2982,2020-04-01,7,0.26
2983,2020-04-01,8,0.35
2984,2020-04-01,9,0.14
2985,2020-04-01,10,0.13
2986,2020-04-01,11,0.15
2987,2020-04-01,12,0.33
2988,2020-04-01,13,0.34
2989,2020-04-01,14,0.31
2990,2020-04-01,15,0.15
2991,2020-04-01,16,0.15
2992,2020-04-01,17,0.15
2993,2020-04-01,18,0.25
2994,2020-04-01,19,0.29
2995,2020-04-01,20,0.42
2996,2020-04-01,21,0.36
2997,2020-04-01,22,0.3
2998,2020-04-01,23,0.21
2999,2020-04-02,0,0.15
3000,2020-04-02,1,0.14
3001,2020-04-02,2,0.12
3002,2020-04-02,3,0.14
3003,2020-04-02,4,0.14
3004,2020-04-02,5,0.14
3005,2020-04-02,6,0.13
3006,2020-04-02,7,0.14
3007,2020-04-02,8,0.29
3008,2020-04-02,9,0.38
3009,2020-04-02,10,0.26
3010,2020-04-02,11,0.73
3011,2020-04-02,12,2.13
3012,2020-04-02,13,0.63
3013,2020-04-02,14,0.16
3014,2020-04-02,15,0.3
3015,2020-04-02,16,0.21
3016,2020-04-02,17,0.26
3017,2020-04-02,18,0.28
3018,2020-04-02,19,0.29
3019,2020-04-02,20,0.28
3020,2020-04-02,21,0.32
3021,2020-04-02,22,0.38
3022,2020-04-02,23,0.21
3023,2020-04-03,0,0.17
3024,2020-04-03,1,0.15
3025,2020-04-03,2,0.15
3026,2020-04-03,3,0.14
3027,2020-04-03,4,0.15
3028,2020-04-03,5,0.13
3029,2020-04-03,6,0.14
3030,2020-04-03,7,0.27
3031,2020-04-03,8,0.47
3032,2020-04-03,9,0.37
3033,2020-04-03,10,0.18
3034,2020-04-03,11,0.35
3035,2020-04-03,12,0.36
3036,2020-04-03,13,0.27
3037,2020-04-03,14,0.22
3038,2020-04-03,15,0.17
3039,2020-04-03,16,0.22
3040,2020-04-03,17,0.31
3041,2020-04-03,18,0.27
3042,2020-04-03,19,0.27
3043,2020-04-03,20,0.3
3044,2020-04-03,21,0.33
3045,2020-04-03,22,0.42
3046,2020-04-03,23,0.26
3047,2020-04-04,0,0.17
3048,2020-04-04,1,0.12
3049,2020-04-04,2,0.14
3050,2020-04-04,3,0.15
3051,2020-04-04,4,0.14
3052,2020-04-04,5,0.15
3053,2020-04-04,6,0.14
3054,2020-04-04,7,0.23
3055,2020-04-04,8,0.5
3056,2020-04-04,9,0.28
3057,2020-04-04,10,0.51
3058,2020-04-04,11,0.47
3059,2020-04-04,12,0.4
3060,2020-04-04,13,0.25
3061,2020-04-04,14,0.2
3062,2020-04-04,15,0.19
3063,2020-04-04,16,0.26
3064,2020-04-04,17,0.2
3065,2020-04-04,18,0.28
3066,2020-04-04,19,0.26
3067,2020-04-04,20,0.27
3068,2020-04-04,21,0.28
3069,2020-04-04,22,0.29
3070,2020-04-04,23,0.15
3071,2020-04-05,0,0.14
3072,2020-04-05,1,0.13
3073,2020-04-05,2,0.14
3074,2020-04-05,3,0.14
3075,2020-04-05,4,0.14
3076,2020-04-05,5,0.14
3077,2020-04-05,6,0.13
3078,2020-04-05,7,0.26
3079,2020-04-05,8,0.35
3080,2020-04-05,9,0.37
3081,2020-04-05,10,0.36
3082,2020-04-05,11,0.14
3083,2020-04-05,12,0.27
3084,2020-04-05,13,0.24
3085,2020-04-05,14,0.24
3086,2020-04-05,15,0.25
3087,2020-04-05,16,0.27
3088,2020-04-05,17,0.31
3089,2020-04-05,18,0.29
3090,2020-04-05,19,0.26
3091,2020-04-05,20,0.27
3092,2020-04-05,21,0.48
3093,2020-04-05,22,0.58
3094,2020-04-05,23,0.17
3095,2020-04-06,0,0.13
3096,2020-04-06,1,0.14
3097,2020-04-06,2,0.14
3098,2020-04-06,3,0.14
3099,2020-04-06,4,0.14
3100,2020-04-06,5,0.14
3101,2020-04-06,6,0.14
3102,2020-04-06,7,0.34
3103,2020-04-06,8,0.48
3104,2020-04-06,9,0.27
3105,2020-04-06,10,0.3
3106,2020-04-06,11,0.2
3107,2020-04-06,12,0.28
3108,2020-04-06,13,0.23
3109,2020-04-06,14,0.26
3110,2020-04-06,15,0.31
3111,2020-04-06,16,0.31
3112,2020-04-06,17,0.24
3113,2020-04-06,18,0.32
3114,2020-04-06,19,0.3
3115,2020-04-06,20,0.31
3116,2020-04-06,21,0.29
3117,2020-04-06,22,0.17
3118,2020-04-06,23,0.15
3119,2020-04-07,0,0.13
3120,2020-04-07,1,0.14
3121,2020-04-07,2,0.19
3122,2020-04-07,3,0.18
3123,2020-04-07,4,0.17
3124,2020-04-07,5,0.14
3125,2020-04-07,6,0.16
3126,2020-04-07,7,0.4
3127,2020-04-07,8,0.44
3128,2020-04-07,9,0.81
3129,2020-04-07,10,1.24
3130,2020-04-07,11,2.18
3131,2020-04-07,12,0.3
3132,2020-04-07,13,0.27
3133,2020-04-07,14,0.22
3134,2020-04-07,15,0.3
3135,2020-04-07,16,0.28
3136,2020-04-07,17,0.28
3137,2020-04-07,18,0.27
3138,2020-04-07,19,0.29
3139,2020-04-07,20,0.28
3140,2020-04-07,21,0.4
3141,2020-04-07,22,0.22
3142,2020-04-07,23,0.14
3143,2020-04-08,0,0.13
3144,2020-04-08,1,0.13
3145,2020-04-08,2,0.14
3146,2020-04-08,3,0.14
3147,2020-04-08,4,0.14
3148,2020-04-08,5,0.13
3149,2020-04-08,6,0.22
3150,2020-04-08,7,0.31
3151,2020-04-08,8,0.44
3152,2020-04-08,9,0.3
3153,2020-04-08,10,0.28
3154,2020-04-08,11,0.27
3155,2020-04-08,12,0.36
3156,2020-04-08,13,0.34
3157,2020-04-08,14,0.31
3158,2020-04-08,15,0.35
3159,2020-04-08,16,0.29
3160,2020-04-08,17,0.31
3161,2020-04-08,18,0.27
3162,2020-04-08,19,0.27
3163,2020-04-08,20,0.3
3164,2020-04-08,21,0.27
3165,2020-04-08,22,0.24
3166,2020-04-08,23,0.15
3167,2020-04-09,0,0.12
3168,2020-04-09,1,0.15
3169,2020-04-09,2,0.14
3170,2020-04-09,3,0.14
3171,2020-04-09,4,0.15
3172,2020-04-09,5,0.14
3173,2020-04-09,6,0.33
3174,2020-04-09,7,0.3
3175,2020-04-09,8,0.35
3176,2020-04-09,9,0.3
3177,2020-04-09,10,0.28
3178,2020-04-09,11,0.27
3179,2020-04-09,12,0.3
3180,2020-04-09,13,0.29
3181,2020-04-09,14,0.24
3182,2020-04-09,15,0.25
3183,2020-04-09,16,0.27
3184,2020-04-09,17,0.29
3185,2020-04-09,18,0.3
3186,2020-04-09,19,0.27
3187,2020-04-09,20,0.28
3188,2020-04-09,21,0.32
3189,2020-04-09,22,0.32
3190,2020-04-09,23,0.29
3191,2020-04-10,0,0.16
3192,2020-04-10,1,0.17
3193,2020-04-10,2,0.15
3194,2020-04-10,3,0.14
3195,2020-04-10,4,0.14
3196,2020-04-10,5,0.14
3197,2020-04-10,6,0.27
3198,2020-04-10,7,0.31
3199,2020-04-10,8,0.28
3200,2020-04-10,9,0.22
3201,2020-04-10,10,0.25
3202,2020-04-10,11,0.18
3203,2020-04-10,12,0.3
3204,2020-04-10,13,0.27
3205,2020-04-10,14,0.29
3206,2020-04-10,15,0.27
3207,2020-04-10,16,0.31
3208,2020-04-10,17,0.26
3209,2020-04-10,18,0.29
3210,2020-04-10,19,0.23
3211,2020-04-10,20,0.28
3212,2020-04-10,21,0.28
3213,2020-04-10,22,0.27
3214,2020-04-10,23,0.15
3215,2020-04-11,0,0.14
3216,2020-04-11,1,0.14
3217,2020-04-11,2,0.13
3218,2020-04-11,3,0.14
3219,2020-04-11,4,0.14
3220,2020-04-11,5,0.14
3221,2020-04-11,6,0.13
3222,2020-04-11,7,0.21
3223,2020-04-11,8,0.29
3224,2020-04-11,9,0.29
3225,2020-04-11,10,0.27
3226,2020-04-11,11,0.24
3227,2020-04-11,12,0.23
3228,2020-04-11,13,0.29
3229,2020-04-11,14,0.27
3230,2020-04-11,15,0.46
3231,2020-04-11,16,0.55
3232,2020-04-11,17,0.4
3233,2020-04-11,18,0.27
3234,2020-04-11,19,0.28
3235,2020-04-11,20,0.33
3236,2020-04-11,21,0.27
3237,2020-04-11,22,0.27
3238,2020-04-11,23,0.29
3239,2020-04-12,0,0.2
3240,2020-04-12,1,0.14
3241,2020-04-12,2,0.15
3242,2020-04-12,3,0.14
3243,2020-04-12,4,0.14
3244,2020-04-12,5,0.14
3245,2020-04-12,6,0.14
3246,2020-04-12,7,0.25
3247,2020-04-12,8,0.29
3248,2020-04-12,9,0.23
3249,2020-04-12,10,0.23
3250,2020-04-12,11,0.33
3251,2020-04-12,12,0.31
3252,2020-04-12,13,0.37
3253,2020-04-12,14,0.45
3254,2020-04-12,15,0.3
3255,2020-04-12,16,1.2
3256,2020-04-12,17,1.05
3257,2020-04-12,18,0.32
3258,2020-04-12,19,0.33
3259,2020-04-12,20,0.33
3260,2020-04-12,21,0.32
3261,2020-04-12,22,0.19
3262,2020-04-12,23,0.15
3263,2020-04-13,0,0.15
3264,2020-04-13,1,0.15
3265,2020-04-13,2,0.14
3266,2020-04-13,3,0.15
3267,2020-04-13,4,0.13
3268,2020-04-13,5,0.15
3269,2020-04-13,6,0.15
3270,2020-04-13,7,0.33
3271,2020-04-13,8,0.29
3272,2020-04-13,9,0.21
3273,2020-04-13,10,0.44
3274,2020-04-13,11,0.5
3275,2020-04-13,12,0.51
3276,2020-04-13,13,0.27
3277,2020-04-13,14,0.28
3278,2020-04-13,15,0.31
3279,2020-04-13,16,0.32
3280,2020-04-13,17,0.27
3281,2020-04-13,18,0.27
3282,2020-04-13,19,0.28
3283,2020-04-13,20,0.28
3284,2020-04-13,21,0.35
3285,2020-04-13,22,0.16
3286,2020-04-13,23,0.16
3287,2020-04-14,0,0.15
3288,2020-04-14,1,0.14
3289,2020-04-14,2,0.2
3290,2020-04-14,3,0.2
3291,2020-04-14,4,0.17
3292,2020-04-14,5,0.16
3293,2020-04-14,6,0.19
3294,2020-04-14,7,0.34
3295,2020-04-14,8,0.36
3296,2020-04-14,9,0.35
3297,2020-04-14,10,0.25
3298,2020-04-14,11,0.23
3299,2020-04-14,12,0.37
3300,2020-04-14,13,0.3
3301,2020-04-14,14,0.27
3302,2020-04-14,15,0.27
3303,2020-04-14,16,0.39
3304,2020-04-14,17,0.38
3305,2020-04-14,18,0.44
3306,2020-04-14,19,0.7
3307,2020-04-14,20,0.32
3308,2020-04-14,21,0.29
3309,2020-04-14,22,0.28
3310,2020-04-14,23,0.14
3311,2020-04-15,0,0.13
3312,2020-04-15,1,0.14
3313,2020-04-15,2,0.14
3314,2020-04-15,3,0.14
3315,2020-04-15,4,0.14
3316,2020-04-15,5,0.14
3317,2020-04-15,6,0.23
3318,2020-04-15,7,0.3
3319,2020-04-15,8,0.31
3320,2020-04-15,9,0.17
3321,2020-04-15,10,0.13
3322,2020-04-15,11,0.28
3323,2020-04-15,12,0.31
3324,2020-04-15,13,0.32
3325,2020-04-15,14,0.34
3326,2020-04-15,15,0.27
3327,2020-04-15,16,0.25
3328,2020-04-15,17,0.31
3329,2020-04-15,18,0.29
3330,2020-04-15,19,0.3
3331,2020-04-15,20,0.3
3332,2020-04-15,21,0.3
3333,2020-04-15,22,0.23
3334,2020-04-15,23,0.18
3335,2020-04-16,0,0.14
3336,2020-04-16,1,0.15
3337,2020-04-16,2,0.15
3338,2020-04-16,3,0.15
3339,2020-04-16,4,0.16
3340,2020-04-16,5,0.16
3341,2020-04-16,6,0.16
3342,2020-04-16,7,0.27
3343,2020-04-16,8,0.27
3344,2020-04-16,9,0.26
3345,2020-04-16,10,0.38
3346,2020-04-16,11,0.25
3347,2020-04-16,12,0.3
3348,2020-04-16,13,0.43
3349,2020-04-16,14,1.81
3350,2020-04-16,15,0.5
3351,2020-04-16,16,0.27
3352,2020-04-16,17,0.17
3353,2020-04-16,18,0.43
3354,2020-04-16,19,0.57
3355,2020-04-16,20,0.48
3356,2020-04-16,21,0.36
3357,2020-04-16,22,0.34
3358,2020-04-16,23,0.18
3359,2020-04-17,0,0.17
3360,2020-04-17,1,0.17
3361,2020-04-17,2,0.18
3362,2020-04-17,3,0.18
3363,2020-04-17,4,0.17
3364,2020-04-17,5,0.17
3365,2020-04-17,6,0.18
3366,2020-04-17,7,0.36
3367,2020-04-17,8,0.35
3368,2020-04-17,9,0.38
3369,2020-04-17,10,0.25
3370,2020-04-17,11,0.24
3371,2020-04-17,12,0.34
3372,2020-04-17,13,0.19
3373,2020-04-17,14,0.24
3374,2020-04-17,15,0.31
3375,2020-04-17,16,0.3
3376,2020-04-17,17,0.3
3377,2020-04-17,18,0.29
3378,2020-04-17,19,0.26
3379,2020-04-17,20,0.3
3380,2020-04-17,21,0.27
3381,2020-04-17,22,0.27
3382,2020-04-17,23,0.17
3383,2020-04-18,0,0.14
3384,2020-04-18,1,0.15
3385,2020-04-18,2,0.15
3386,2020-04-18,3,0.14
3387,2020-04-18,4,0.15
3388,2020-04-18,5,0.14
3389,2020-04-18,6,0.15
3390,2020-04-18,7,0.34
3391,2020-04-18,8,0.37
3392,2020-04-18,9,0.38
3393,2020-04-18,10,0.29
3394,2020-04-18,11,0.17
3395,2020-04-18,12,0.25
3396,2020-04-18,13,0.3
3397,2020-04-18,14,0.29
3398,2020-04-18,15,0.27
3399,2020-04-18,16,0.42
3400,2020-04-18,17,0.44
3401,2020-04-18,18,0.6
3402,2020-04-18,19,0.4
3403,2020-04-18,20,0.28
3404,2020-04-18,21,0.31
3405,2020-04-18,22,0.38
3406,2020-04-18,23,0.27
3407,2020-04-19,0,0.18
3408,2020-04-19,1,0.17
3409,2020-04-19,2,0.17
3410,2020-04-19,3,0.17
3411,2020-04-19,4,0.17
3412,2020-04-19,5,0.15
3413,2020-04-19,6,0.17
3414,2020-04-19,7,0.22
3415,2020-04-19,8,0.5
3416,2020-04-19,9,0.54
3417,2020-04-19,10,1.95
3418,2020-04-19,11,0.79
3419,2020-04-19,12,0.3
3420,2020-04-19,13,0.28
3421,2020-04-19,14,0.29
3422,2020-04-19,15,0.29
3423,2020-04-19,16,0.33
3424,2020-04-19,17,0.46
3425,2020-04-19,18,0.33
3426,2020-04-19,19,0.3
3427,2020-04-19,20,0.3
3428,2020-04-19,21,0.31
3429,2020-04-19,22,0.32
3430,2020-04-19,23,0.17
3431,2020-04-20,0,0.18
3432,2020-04-20,1,0.18
3433,2020-04-20,2,0.16
3434,2020-04-20,3,0.16
3435,2020-04-20,4,0.16
3436,2020-04-20,5,0.16
3437,2020-04-20,6,0.16
3438,2020-04-20,7,0.34
3439,2020-04-20,8,0.51
3440,2020-04-20,9,0.26
3441,2020-04-20,10,0.21
3442,2020-04-20,11,0.22
3443,2020-04-20,12,0.21
3444,2020-04-20,13,0.27
3445,2020-04-20,14,0.29
3446,2020-04-20,15,0.29
3447,2020-04-20,16,0.32
3448,2020-04-20,17,0.25
3449,2020-04-20,18,0.27
3450,2020-04-20,19,0.26
3451,2020-04-20,20,0.28
3452,2020-04-20,21,0.31
3453,2020-04-20,22,0.22
3454,2020-04-20,23,0.14
3455,2020-04-21,0,0.14
3456,2020-04-21,1,0.13
3457,2020-04-21,2,0.2
3458,2020-04-21,3,0.17
3459,2020-04-21,4,0.15
3460,2020-04-21,5,0.15
3461,2020-04-21,6,0.16
3462,2020-04-21,7,0.3
3463,2020-04-21,8,0.5
3464,2020-04-21,9,0.25
3465,2020-04-21,10,0.16
3466,2020-04-21,11,0.39
3467,2020-04-21,12,0.45
3468,2020-04-21,13,0.57
3469,2020-04-21,14,0.36
3470,2020-04-21,15,0.27
3471,2020-04-21,16,0.28
3472,2020-04-21,17,0.24
3473,2020-04-21,18,0.24
3474,2020-04-21,19,0.26
3475,2020-04-21,20,0.24
3476,2020-04-21,21,0.26
3477,2020-04-21,22,0.2
3478,2020-04-21,23,0.14
3479,2020-04-22,0,0.14
3480,2020-04-22,1,0.14
3481,2020-04-22,2,0.14
3482,2020-04-22,3,0.14
3483,2020-04-22,4,0.13
3484,2020-04-22,5,0.14
3485,2020-04-22,6,0.14
3486,2020-04-22,7,0.28
3487,2020-04-22,8,0.36
3488,2020-04-22,9,0.24
3489,2020-04-22,10,0.38
3490,2020-04-22,11,0.25
3491,2020-04-22,12,1.73
3492,2020-04-22,13,0.7
3493,2020-04-22,14,0.27
3494,2020-04-22,15,0.31
3495,2020-04-22,16,0.28
3496,2020-04-22,17,0.28
3497,2020-04-22,18,0.28
3498,2020-04-22,19,0.27
3499,2020-04-22,20,0.27
3500,2020-04-22,21,0.28
3501,2020-04-22,22,0.34
3502,2020-04-22,23,0.15
3503,2020-04-23,0,0.15
3504,2020-04-23,1,0.14
3505,2020-04-23,2,0.13
3506,2020-04-23,3,0.15
3507,2020-04-23,4,0.15
3508,2020-04-23,5,0.14
3509,2020-04-23,6,0.16
3510,2020-04-23,7,0.32
3511,2020-04-23,8,0.32
3512,2020-04-23,9,0.2
3513,2020-04-23,10,0.17
3514,2020-04-23,11,0.23
3515,2020-04-23,12,0.27
3516,2020-04-23,13,0.27
3517,2020-04-23,14,0.41
3518,2020-04-23,15,0.43
3519,2020-04-23,16,0.45
3520,2020-04-23,17,0.5
3521,2020-04-23,18,0.48
3522,2020-04-23,19,0.26
3523,2020-04-23,20,0.29
3524,2020-04-23,21,0.33
3525,2020-04-23,22,0.2
3526,2020-04-23,23,0.17
3527,2020-04-24,0,0.15
3528,2020-04-24,1,0.16
3529,2020-04-24,2,0.15
3530,2020-04-24,3,0.17
3531,2020-04-24,4,0.14
3532,2020-04-24,5,0.15
3533,2020-04-24,6,0.18
3534,2020-04-24,7,0.32
3535,2020-04-24,8,0.41
3536,2020-04-24,9,0.48
3537,2020-04-24,10,1.96
3538,2020-04-24,11,0.88
3539,2020-04-24,12,0.19
3540,2020-04-24,13,0.23
3541,2020-04-24,14,0.16
3542,2020-04-24,15,0.14
3543,2020-04-24,16,0.19
3544,2020-04-24,17,0.17
3545,2020-04-24,18,0.15
3546,2020-04-24,19,0.14
3547,2020-04-24,20,0.2
3548,2020-04-24,21,0.29
3549,2020-04-24,22,0.34
3550,2020-04-24,23,0.35
3551,2020-04-25,0,0.22
3552,2020-04-25,1,0.14
3553,2020-04-25,2,0.15
3554,2020-04-25,3,0.14
3555,2020-04-25,4,0.15
3556,2020-04-25,5,0.13
3557,2020-04-25,6,0.18
3558,2020-04-25,7,0.2
3559,2020-04-25,8,0.18
3560,2020-04-25,9,0.15
3561,2020-04-25,10,0.15
3562,2020-04-25,11,0.15
3563,2020-04-25,12,0.15
3564,2020-04-25,13,0.21
3565,2020-04-25,14,0.29
3566,2020-04-25,15,0.29
3567,2020-04-25,16,0.31
3568,2020-04-25,17,0.3
3569,2020-04-25,18,0.27
3570,2020-04-25,19,0.3
3571,2020-04-25,20,0.31
3572,2020-04-25,21,0.3
3573,2020-04-25,22,0.32
3574,2020-04-25,23,0.3
3575,2020-04-26,0,0.14
3576,2020-04-26,1,0.14
3577,2020-04-26,2,0.14
3578,2020-04-26,3,0.14
3579,2020-04-26,4,0.14
3580,2020-04-26,5,0.14
3581,2020-04-26,6,0.13
3582,2020-04-26,7,0.23
3583,2020-04-26,8,0.28
3584,2020-04-26,9,0.56
3585,2020-04-26,10,0.88
3586,2020-04-26,11,0.58
3587,2020-04-26,12,0.21
3588,2020-04-26,13,0.28
3589,2020-04-26,14,0.32
3590,2020-04-26,15,0.31
3591,2020-04-26,16,0.34
3592,2020-04-26,17,0.31
3593,2020-04-26,18,0.32
3594,2020-04-26,19,0.29
3595,2020-04-26,20,0.3
3596,2020-04-26,21,0.27
3597,2020-04-26,22,0.31
3598,2020-04-26,23,0.27
3599,2020-04-27,0,0.13
3600,2020-04-27,1,0.15
3601,2020-04-27,2,0.14
3602,2020-04-27,3,0.15
3603,2020-04-27,4,0.14
3604,2020-04-27,5,0.14
3605,2020-04-27,6,0.14
3606,2020-04-27,7,0.25
3607,2020-04-27,8,0.32
3608,2020-04-27,9,0.2
3609,2020-04-27,10,0.2
3610,2020-04-27,11,0.21
3611,2020-04-27,12,0.23
3612,2020-04-27,13,0.34
3613,2020-04-27,14,0.33
3614,2020-04-27,15,0.33
3615,2020-04-27,16,0.32
3616,2020-04-27,17,0.2
3617,2020-04-27,18,0.28
3618,2020-04-27,19,0.28
3619,2020-04-27,20,0.3
3620,2020-04-27,21,0.33
3621,2020-04-27,22,0.16
3622,2020-04-27,23,0.14
3623,2020-04-28,0,0.14
3624,2020-04-28,1,0.16
3625,2020-04-28,2,0.19
3626,2020-04-28,3,0.17
3627,2020-04-28,4,0.14
3628,2020-04-28,5,0.15
3629,2020-04-28,6,0.15
3630,2020-04-28,7,0.28
3631,2020-04-28,8,0.36
3632,2020-04-28,9,0.33
3633,2020-04-28,10,0.31
3634,2020-04-28,11,0.2
3635,2020-04-28,12,0.5
3636,2020-04-28,13,0.37
3637,2020-04-28,14,0.18
3638,2020-04-28,15,0.23
3639,2020-04-28,16,0.32
3640,2020-04-28,17,0.35
3641,2020-04-28,18,0.23
3642,2020-04-28,19,0.25
3643,2020-04-28,20,0.31
3644,2020-04-28,21,0.32
3645,2020-04-28,22,0.28
3646,2020-04-28,23,0.2
3647,2020-04-29,0,0.16
3648,2020-04-29,1,0.15
3649,2020-04-29,2,0.16
3650,2020-04-29,3,0.13
3651,2020-04-29,4,0.15
3652,2020-04-29,5,0.15
3653,2020-04-29,6,0.23
3654,2020-04-29,7,0.33
3655,2020-04-29,8,0.33
3656,2020-04-29,9,0.22
3657,2020-04-29,10,0.15
3658,2020-04-29,11,0.55
3659,2020-04-29,12,0.58
3660,2020-04-29,13,0.5
3661,2020-04-29,14,0.28
3662,2020-04-29,15,0.28
3663,2020-04-29,16,0.18
3664,2020-04-29,17,0.31
3665,2020-04-29,18,0.27
3666,2020-04-29,19,0.34
3667,2020-04-29,20,0.3
3668,2020-04-29,21,0.3
3669,2020-04-29,22,0.2
3670,2020-04-29,23,0.13
3671,2020-04-30,0,0.15
3672,2020-04-30,1,0.15
3673,2020-04-30,2,0.16
3674,2020-04-30,3,0.14
3675,2020-04-30,4,0.15
3676,2020-04-30,5,0.15
3677,2020-04-30,6,0.2
3678,2020-04-30,7,0.33
3679,2020-04-30,8,0.28
3680,2020-04-30,9,0.19
3681,2020-04-30,10,0.29
3682,2020-04-30,11,0.23
3683,2020-04-30,12,0.36
3684,2020-04-30,13,0.29
3685,2020-04-30,14,0.27
3686,2020-04-30,15,0.14
3687,2020-04-30,16,0.17
3688,2020-04-30,17,0.2
3689,2020-04-30,18,0.29
3690,2020-04-30,19,0.39
3691,2020-04-30,20,0.4
3692,2020-04-30,21,0.38
3693,2020-04-30,22,0.32
3694,2020-04-30,23,0.17
3695,2020-05-01,0,0.15
3696,2020-05-01,1,0.15
3697,2020-05-01,2,0.15
3698,2020-05-01,3,0.15
3699,2020-05-01,4,0.15
3700,2020-05-01,5,0.13
3701,2020-05-01,6,0.23
3702,2020-05-01,7,0.34
3703,2020-05-01,8,0.27
3704,2020-05-01,9,0.22
3705,2020-05-01,10,0.35
3706,2020-05-01,11,0.36
3707,2020-05-01,12,0.36
3708,2020-05-01,13,0.19
3709,2020-05-01,14,0.18
3710,2020-05-01,15,0.14
3711,2020-05-01,16,0.13
3712,2020-05-01,17,0.15
3713,2020-05-01,18,0.16
3714,2020-05-01,19,0.19
3715,2020-05-01,20,0.27
3716,2020-05-01,21,0.3
3717,2020-05-01,22,0.29
3718,2020-05-01,23,0.19
3719,2020-05-02,0,0.14
3720,2020-05-02,1,0.14
3721,2020-05-02,2,0.15
3722,2020-05-02,3,0.14
3723,2020-05-02,4,0.14
3724,2020-05-02,5,0.14
3725,2020-05-02,6,0.24
3726,2020-05-02,7,0.39
3727,2020-05-02,8,0.37
3728,2020-05-02,9,0.24
3729,2020-05-02,10,0.29
3730,2020-05-02,11,0.24
3731,2020-05-02,12,0.33
3732,2020-05-02,13,0.16
3733,2020-05-02,14,0.15
3734,2020-05-02,15,0.14
3735,2020-05-02,16,0.15
3736,2020-05-02,17,0.14
3737,2020-05-02,18,0.13
3738,2020-05-02,19,0.14
3739,2020-05-02,20,0.15
3740,2020-05-02,21,0.15
3741,2020-05-02,22,0.14
3742,2020-05-02,23,0.15
3743,2020-05-03,0,0.14
3744,2020-05-03,1,0.14
3745,2020-05-03,2,0.14
3746,2020-05-03,3,0.13
3747,2020-05-03,4,0.14
3748,2020-05-03,5,0.15
3749,2020-05-03,6,0.14
3750,2020-05-03,7,0.14
3751,2020-05-03,8,0.14
3752,2020-05-03,9,0.14
3753,2020-05-03,10,0.14
3754,2020-05-03,11,0.13
3755,2020-05-03,12,0.14
3756,2020-05-03,13,0.14
3757,2020-05-03,14,0.14
3758,2020-05-03,15,0.46
3759,2020-05-03,16,0.52
3760,2020-05-03,17,2.18
3761,2020-05-03,18,0.72
3762,2020-05-03,19,0.28
3763,2020-05-03,20,0.32
3764,2020-05-03,21,0.52
3765,2020-05-03,22,0.7
3766,2020-05-03,23,0.24
3767,2020-05-04,0,0.13
3768,2020-05-04,1,0.14
3769,2020-05-04,2,0.14
3770,2020-05-04,3,0.14
3771,2020-05-04,4,0.14
3772,2020-05-04,5,0.14
3773,2020-05-04,6,0.29
3774,2020-05-04,7,0.36
3775,2020-05-04,8,0.37
3776,2020-05-04,9,0.23
3777,2020-05-04,10,0.23
3778,2020-05-04,11,0.2
3779,2020-05-04,12,0.2
3780,2020-05-04,13,0.2
3781,2020-05-04,14,0.17
3782,2020-05-04,15,0.23
3783,2020-05-04,16,0.29
3784,2020-05-04,17,0.17
3785,2020-05-04,18,0.51
3786,2020-05-04,19,0.28
3787,2020-05-04,20,0.29
3788,2020-05-04,21,0.31
3789,2020-05-04,22,0.21
3790,2020-05-04,23,0.15
3791,2020-05-05,0,0.13
3792,2020-05-05,1,0.15
3793,2020-05-05,2,0.14
3794,2020-05-05,3,0.14
3795,2020-05-05,4,0.15
3796,2020-05-05,5,0.14
3797,2020-05-05,6,0.26
3798,2020-05-05,7,0.33
3799,2020-05-05,8,0.27
3800,2020-05-05,9,0.2
3801,2020-05-05,10,0.2
3802,2020-05-05,11,0.24
3803,2020-05-05,12,0.34
3804,2020-05-05,13,0.22
3805,2020-05-05,14,0.2
3806,2020-05-05,15,0.31
3807,2020-05-05,16,0.25
3808,2020-05-05,17,0.3
3809,2020-05-05,18,0.3
3810,2020-05-05,19,0.18
3811,2020-05-05,20,0.23
3812,2020-05-05,21,0.29
3813,2020-05-05,22,0.28
3814,2020-05-05,23,0.25
3815,2020-05-06,0,0.15
3816,2020-05-06,1,0.16
3817,2020-05-06,2,0.13
3818,2020-05-06,3,0.15
3819,2020-05-06,4,0.15
3820,2020-05-06,5,0.14
3821,2020-05-06,6,0.24
3822,2020-05-06,7,0.38
3823,2020-05-06,8,0.36
3824,2020-05-06,9,0.21
3825,2020-05-06,10,0.14
3826,2020-05-06,11,0.34
3827,2020-05-06,12,0.33
3828,2020-05-06,13,0.28
3829,2020-05-06,14,0.26
3830,2020-05-06,15,0.22
3831,2020-05-06,16,0.2
3832,2020-05-06,17,0.18
3833,2020-05-06,18,0.14
3834,2020-05-06,19,0.17
3835,2020-05-06,20,0.29
3836,2020-05-06,21,0.46
3837,2020-05-06,22,0.28
3838,2020-05-06,23,0.2
3839,2020-05-07,0,0.15
3840,2020-05-07,1,0.19
3841,2020-05-07,2,0.19
3842,2020-05-07,3,0.18
3843,2020-05-07,4,0.15
3844,2020-05-07,5,0.15
3845,2020-05-07,6,0.24
3846,2020-05-07,7,0.32
3847,2020-05-07,8,0.54
3848,2020-05-07,9,0.49
3849,2020-05-07,10,0.31
3850,2020-05-07,11,0.15
3851,2020-05-07,12,0.17
3852,2020-05-07,13,0.17
3853,2020-05-07,14,0.22
3854,2020-05-07,15,0.31
3855,2020-05-07,16,0.18
3856,2020-05-07,17,0.2
3857,2020-05-07,18,0.23
3858,2020-05-07,19,0.25
3859,2020-05-07,20,0.22
3860,2020-05-07,21,0.25
3861,2020-05-07,22,0.28
3862,2020-05-07,23,0.17
3863,2020-05-08,0,0.15
3864,2020-05-08,1,0.15
3865,2020-05-08,2,0.15
3866,2020-05-08,3,0.15
3867,2020-05-08,4,0.14
3868,2020-05-08,5,0.14
3869,2020-05-08,6,0.24
3870,2020-05-08,7,0.51
3871,2020-05-08,8,1.67
3872,2020-05-08,9,1.67
3873,2020-05-08,10,0.42
3874,2020-05-08,11,0.27
3875,2020-05-08,12,0.35
3876,2020-05-08,13,0.24
3877,2020-05-08,14,0.21
3878,2020-05-08,15,0.23
3879,2020-05-08,16,0.29
3880,2020-05-08,17,0.39
3881,2020-05-08,18,0.23
3882,2020-05-08,19,0.28
3883,2020-05-08,20,0.28
3884,2020-05-08,21,0.25
3885,2020-05-08,22,0.28
3886,2020-05-08,23,0.26
3887,2020-05-09,0,0.15
3888,2020-05-09,1,0.14
3889,2020-05-09,2,0.14
3890,2020-05-09,3,0.15
3891,2020-05-09,4,0.15
3892,2020-05-09,5,0.15
3893,2020-05-09,6,0.25
3894,2020-05-09,7,0.28
3895,2020-05-09,8,0.31
3896,2020-05-09,9,0.37
3897,2020-05-09,10,0.29
3898,2020-05-09,11,0.15
3899,2020-05-09,12,0.27
3900,2020-05-09,13,0.24
3901,2020-05-09,14,0.29
3902,2020-05-09,15,0.28
3903,2020-05-09,16,0.22
3904,2020-05-09,17,0.32
3905,2020-05-09,18,0.53
3906,2020-05-09,19,0.5
3907,2020-05-09,20,0.32
3908,2020-05-09,21,0.36
3909,2020-05-09,22,0.27
3910,2020-05-09,23,0.19
3911,2020-05-10,0,0.18
3912,2020-05-10,1,0.14
3913,2020-05-10,2,0.15
3914,2020-05-10,3,0.15
3915,2020-05-10,4,0.16
3916,2020-05-10,5,0.16
3917,2020-05-10,6,0.16
3918,2020-05-10,7,0.45
3919,2020-05-10,8,0.27
3920,2020-05-10,9,0.28
3921,2020-05-10,10,0.18
3922,2020-05-10,11,0.25
3923,2020-05-10,12,0.15
3924,2020-05-10,13,0.13
3925,2020-05-10,14,0.15
3926,2020-05-10,15,0.15
3927,2020-05-10,16,0.18
3928,2020-05-10,17,0.21
3929,2020-05-10,18,0.18
3930,2020-05-10,19,0.29
3931,2020-05-10,20,0.27
3932,2020-05-10,21,0.28
3933,2020-05-10,22,0.18
3934,2020-05-10,23,0.15
3935,2020-05-11,0,0.14
3936,2020-05-11,1,0.14
3937,2020-05-11,2,0.15
3938,2020-05-11,3,0.15
3939,2020-05-11,4,0.14
3940,2020-05-11,5,0.15
3941,2020-05-11,6,0.33
3942,2020-05-11,7,0.37
3943,2020-05-11,8,0.49
3944,2020-05-11,9,0.21
3945,2020-05-11,10,0.23
3946,2020-05-11,11,0.27
3947,2020-05-11,12,0.3
3948,2020-05-11,13,0.23
3949,2020-05-11,14,0.27
3950,2020-05-11,15,0.28
3951,2020-05-11,16,0.29
3952,2020-05-11,17,0.39
3953,2020-05-11,18,0.56
3954,2020-05-11,19,0.61
3955,2020-05-11,20,0.42
3956,2020-05-11,21,0.27
3957,2020-05-11,22,0.24
3958,2020-05-11,23,0.16
3959,2020-05-12,0,0.15
3960,2020-05-12,1,0.15
3961,2020-05-12,2,0.15
3962,2020-05-12,3,0.15
3963,2020-05-12,4,0.15
3964,2020-05-12,5,0.14
3965,2020-05-12,6,0.2
3966,2020-05-12,7,0.35
3967,2020-05-12,8,0.46
3968,2020-05-12,9,0.3
3969,2020-05-12,10,0.32
3970,2020-05-12,11,0.3
3971,2020-05-12,12,0.23
3972,2020-05-12,13,0.26
3973,2020-05-12,14,0.27
3974,2020-05-12,15,0.29
3975,2020-05-12,16,0.35
3976,2020-05-12,17,0.34
3977,2020-05-12,18,0.33
3978,2020-05-12,19,0.28
3979,2020-05-12,20,0.29
3980,2020-05-12,21,0.31
3981,2020-05-12,22,0.24
3982,2020-05-12,23,0.17
3983,2020-05-13,0,0.13
3984,2020-05-13,1,0.15
3985,2020-05-13,2,0.16
3986,2020-05-13,3,0.16
3987,2020-05-13,4,0.14
3988,2020-05-13,5,0.15
3989,2020-05-13,6,0.28
3990,2020-05-13,7,0.38
3991,2020-05-13,8,0.41
3992,2020-05-13,9,0.33
3993,2020-05-13,10,0.41
3994,2020-05-13,11,1.95
3995,2020-05-13,12,0.95
3996,2020-05-13,13,0.28
3997,2020-05-13,14,0.28
3998,2020-05-13,15,0.28
3999,2020-05-13,16,0.28
4000,2020-05-13,17,0.28
4001,2020-05-13,18,0.28
4002,2020-05-13,19,0.3
4003,2020-05-13,20,0.29
4004,2020-05-13,21,0.29
4005,2020-05-13,22,0.28
4006,2020-05-13,23,0.17
4007,2020-05-14,0,0.15
4008,2020-05-14,1,0.21
4009,2020-05-14,2,0.18
4010,2020-05-14,3,0.19
4011,2020-05-14,4,0.17
4012,2020-05-14,5,0.16
4013,2020-05-14,6,0.17
4014,2020-05-14,7,0.32
4015,2020-05-14,8,0.37
4016,2020-05-14,9,0.21
4017,2020-05-14,10,0.22
4018,2020-05-14,11,0.23
4019,2020-05-14,12,0.18
4020,2020-05-14,13,0.27
4021,2020-05-14,14,0.22
4022,2020-05-14,15,0.2
4023,2020-05-14,16,0.3
4024,2020-05-14,17,0.56
4025,2020-05-14,18,0.59
4026,2020-05-14,19,0.53
4027,2020-05-14,20,0.3
4028,2020-05-14,21,0.29
4029,2020-05-14,22,0.3
4030,2020-05-14,23,0.17
4031,2020-05-15,0,0.16
4032,2020-05-15,1,0.14
4033,2020-05-15,2,0.17
4034,2020-05-15,3,0.18
4035,2020-05-15,4,0.18
4036,2020-05-15,5,0.18
4037,2020-05-15,6,0.22
4038,2020-05-15,7,0.35
4039,2020-05-15,8,0.32
4040,2020-05-15,9,0.25
4041,2020-05-15,10,0.21
4042,2020-05-15,11,0.35
4043,2020-05-15,12,0.31
4044,2020-05-15,13,0.27
4045,2020-05-15,14,0.26
4046,2020-05-15,15,0.27
4047,2020-05-15,16,0.28
4048,2020-05-15,17,0.27
4049,2020-05-15,18,0.17
4050,2020-05-15,19,0.24
4051,2020-05-15,20,0.32
4052,2020-05-15,21,0.35
4053,2020-05-15,22,0.33
4054,2020-05-15,23,0.21
4055,2020-05-16,0,0.15
4056,2020-05-16,1,0.15
4057,2020-05-16,2,0.15
4058,2020-05-16,3,0.15
4059,2020-05-16,4,0.15
4060,2020-05-16,5,0.15
4061,2020-05-16,6,0.15
4062,2020-05-16,7,0.3
4063,2020-05-16,8,0.35
4064,2020-05-16,9,0.34
4065,2020-05-16,10,0.24
4066,2020-05-16,11,0.15
4067,2020-05-16,12,0.16
4068,2020-05-16,13,0.43
4069,2020-05-16,14,0.38
4070,2020-05-16,15,0.34
4071,2020-05-16,16,0.36
4072,2020-05-16,17,0.54
4073,2020-05-16,18,0.39
4074,2020-05-16,19,0.28
4075,2020-05-16,20,0.35
4076,2020-05-16,21,0.38
4077,2020-05-16,22,0.37
4078,2020-05-16,23,0.32
4079,2020-05-17,0,0.23
4080,2020-05-17,1,0.17
4081,2020-05-17,2,0.17
4082,2020-05-17,3,0.18
4083,2020-05-17,4,0.15
4084,2020-05-17,5,0.16
4085,2020-05-17,6,0.26
4086,2020-05-17,7,0.34
4087,2020-05-17,8,0.42
4088,2020-05-17,9,0.3
4089,2020-05-17,10,0.3
4090,2020-05-17,11,0.36
4091,2020-05-17,12,0.41
4092,2020-05-17,13,1.43
4093,2020-05-17,14,0.28
4094,2020-05-17,15,0.29
4095,2020-05-17,16,0.31
4096,2020-05-17,17,0.31
4097,2020-05-17,18,0.31
4098,2020-05-17,19,0.35
4099,2020-05-17,20,0.28
4100,2020-05-17,21,0.29
4101,2020-05-17,22,0.32
4102,2020-05-17,23,0.2
4103,2020-05-18,0,0.18
4104,2020-05-18,1,0.17
4105,2020-05-18,2,0.18
4106,2020-05-18,3,0.16
4107,2020-05-18,4,0.16
4108,2020-05-18,5,0.18
4109,2020-05-18,6,0.23
4110,2020-05-18,7,0.31
4111,2020-05-18,8,0.37
4112,2020-05-18,9,0.24
4113,2020-05-18,10,0.4
4114,2020-05-18,11,0.295
4115,2020-05-18,12,0.34
4116,2020-05-18,13,0.31
4117,2020-05-18,14,0.29
4118,2020-05-18,15,0.25
4119,2020-05-18,16,0.31
4120,2020-05-18,17,0.57
4121,2020-05-18,18,0.22
4122,2020-05-18,19,0.28
4123,2020-05-18,20,0.28
4124,2020-05-18,21,0.31
4125,2020-05-18,22,0.24
4126,2020-05-18,23,0.16
4127,2020-05-19,0,0.16
4128,2020-05-19,1,0.16
4129,2020-05-19,2,0.16
4130,2020-05-19,3,0.15
4131,2020-05-19,4,0.16
4132,2020-05-19,5,0.15
4133,2020-05-19,6,0.29
4134,2020-05-19,7,0.37
4135,2020-05-19,8,0.36
4136,2020-05-19,9,0.22
4137,2020-05-19,10,0.24
4138,2020-05-19,11,0.23
4139,2020-05-19,12,0.25
4140,2020-05-19,13,0.2
4141,2020-05-19,14,0.15
4142,2020-05-19,15,0.3
4143,2020-05-19,16,0.74
4144,2020-05-19,17,0.31
4145,2020-05-19,18,0.28
4146,2020-05-19,19,0.26
4147,2020-05-19,20,0.28
4148,2020-05-19,21,0.28
4149,2020-05-19,22,0.32
4150,2020-05-19,23,0.19
4151,2020-05-20,0,0.15
4152,2020-05-20,1,0.16
4153,2020-05-20,2,0.15
4154,2020-05-20,3,0.15
4155,2020-05-20,4,0.15
4156,2020-05-20,5,0.13
4157,2020-05-20,6,0.17
4158,2020-05-20,7,0.29
4159,2020-05-20,8,0.44
4160,2020-05-20,9,0.4
4161,2020-05-20,10,0.44
4162,2020-05-20,11,0.25
4163,2020-05-20,12,0.28
4164,2020-05-20,13,0.13
4165,2020-05-20,14,0.16
4166,2020-05-20,15,0.22
4167,2020-05-20,16,0.79
4168,2020-05-20,17,0.26
4169,2020-05-20,18,0.28
4170,2020-05-20,19,0.27
4171,2020-05-20,20,0.28
4172,2020-05-20,21,0.28
4173,2020-05-20,22,0.19
4174,2020-05-20,23,0.13
